Workbook

Sheet MAIN
L1: =XLE_IYE!A1 -> date | M1: XLE_IYE | N1: XLF_IYF | O1: XLK_IYW | P1: XLU_IDU | Q1: IYJ_XLI | R1: IYK_XLP | S1: SUM | T1: CUM SUM | X1: XLRE_IYR | Y1: IYH_XLV
L2: =XLE_IYE!A2 -> 46024
L3: =XLE_IYE!A3 -> 46027 | M3: =SUM(M22:M156) -> 0.014788768 | N3: =SUM(N22:N156) -> 0.048495725 | O3: =SUM(O22:O156) -> 0.068169528 | P3: =SUM(P22:P156) -> 0.02097267 | Q3: =SUM(Q22:Q156) -> 0.053815852 | R3: =SUM(R22:R156) -> 0.061563535 | S3: =SUM(S22:S156) -> 0.26780608 | T3: =T156 -> 0.26780608 | X3: =SUM(X22:X156) -> -3.9108352e-05 | Y3: =SUM(Y22:Y156) -> 0.0052519152
C4: XLE | D4: IYE | E4: -20 | F4: 20 | H4: =XLE_IYE!BC$1 -> 0.014788768 | I4: =XLE_IYE!BB$11 -> 2.4557288 | L4: =XLE_IYE!A4 -> 46028
C5: XLF | D5: IYF | E5: -40 | F5: 40 | H5: =XLF_IYF!BC$1 -> 0.048495725 | I5: =XLF_IYF!BB$11 -> 3.6284014 | L5: =XLE_IYE!A5 -> 46029
C6: XLK | D6: IYW | E6: -50 | F6: 50 | H6: =XLK_IYW!BC$1 -> 0.068169528 | I6: =XLK_IYW!BB$11 -> 2.157143 | L6: =XLE_IYE!A6 -> 46030 | S6: =AVERAGE(S22:S156) -> 0.0019837487
C7: XLU | D7: IDU | E7: -20 | F7: 20 | H7: =XLU_IDU!BC$1 -> 0.02097267 | I7: =XLU_IDU!BB$11 -> 2.2757341 | L7: =XLE_IYE!A7 -> 46031 | S7: =STDEV(S22:S156) -> 0.0066072992
C8: IYJ | D8: XLI | E8: -50 | F8: 40 | H8: =IYJ_XLI!BC$1 -> 0.053815852 | I8: =IYJ_XLI!BB$11 -> 2.147851 | L8: =XLE_IYE!A8 -> 46034 | S8: =SQRT(252)*S6/S7 -> 4.7660979
C9: IYK | D9: XLP | E9: -30 | F9: 30 | H9: =IYK_XLP!BC$1 -> 0.061563535 | I9: =IYK_XLP!BB$11 -> 2.1107699 | L9: =XLE_IYE!A9 -> 46035
L10: =XLE_IYE!A10 -> 46036
L11: =XLE_IYE!A11 -> 46037
L12: =XLE_IYE!A12 -> 46038
L13: =XLE_IYE!A13 -> 46042
L14: =XLE_IYE!A14 -> 46043
L15: =XLE_IYE!A15 -> 46044
L16: =XLE_IYE!A16 -> 46045
L17: =XLE_IYE!A17 -> 46048
L18: =XLE_IYE!A18 -> 46049
L19: =XLE_IYE!A19 -> 46050
L20: =XLE_IYE!A20 -> 46051
C21: IYH | D21: XLV | E21: -30 | F21: 20 | H21: =IYH_XLV!BC$1 -> 0.0052519152 | I21: =IYH_XLV!BB$11 -> 0.48105163 | L21: =XLE_IYE!A21 -> 46052
C22: XLRE | D22: IYR | E22: -30 | F22: 30 | G22: 10 | H22: =XLRE_IYR!BC$1 -> -3.9108352e-05 | I22: =XLRE_IYR!BB$11 -> -0.0043271506 | L22: =XLE_IYE!A22 -> 46055 | M22: =XLE_IYE!BB22 -> 0 | N22: =XLF_IYF!BB22 -> 0 | O22: =XLK_IYW!BB22 -> 0 | P22: =XLU_IDU!BB22 -> 0 | Q22: =IYJ_XLI!BB22 -> 0 | R22: =IYK_XLP!BB22 -> 0 | S22: =SUM(M22:R22) -> 0 | T22: =+T21+S22 -> 0 | X22: =XLRE_IYR!BB22 -> 0 | Y22: =IYH_XLV!BB22 -> 0
L23: =XLE_IYE!A23 -> 46056 | M23: =XLE_IYE!BB23 -> 0 | N23: =XLF_IYF!BB23 -> 0 | O23: =XLK_IYW!BB23 -> 0 | P23: =XLU_IDU!BB23 -> 0 | Q23: =IYJ_XLI!BB23 -> -0.0071652214 | R23: =IYK_XLP!BB23 -> 0 | S23: =SUM(M23:R23) -> -0.0071652214 | T23: =+T22+S23 -> -0.0071652214 | X23: =XLRE_IYR!BB23 -> 0.0012507047 | Y23: =IYH_XLV!BB23 -> 0.00025655612
L24: =XLE_IYE!A24 -> 46057 | M24: =XLE_IYE!BB24 -> 0 | N24: =XLF_IYF!BB24 -> 0 | O24: =XLK_IYW!BB24 -> 0.0047527887 | P24: =XLU_IDU!BB24 -> 0 | Q24: =IYJ_XLI!BB24 -> 0.0034611706 | R24: =IYK_XLP!BB24 -> 0 | S24: =SUM(M24:R24) -> 0.0082139593 | T24: =+T23+S24 -> 0.001048738 | X24: =XLRE_IYR!BB24 -> -0.0015876714 | Y24: =IYH_XLV!BB24 -> 0.0012322882
L25: =XLE_IYE!A25 -> 46058 | M25: =XLE_IYE!BB25 -> 0 | N25: =XLF_IYF!BB25 -> 0 | O25: =XLK_IYW!BB25 -> 0 | P25: =XLU_IDU!BB25 -> 0 | Q25: =IYJ_XLI!BB25 -> -0.0010413335 | R25: =IYK_XLP!BB25 -> 0.015411711 | S25: =SUM(M25:R25) -> 0.014370378 | T25: =+T24+S25 -> 0.015419116 | X25: =XLRE_IYR!BB25 -> 0.003277245 | Y25: =IYH_XLV!BB25 -> -0.0050947973
L26: =XLE_IYE!A26 -> 46059 | M26: =XLE_IYE!BB26 -> 0 | N26: =XLF_IYF!BB26 -> 0 | O26: =XLK_IYW!BB26 -> 0 | P26: =XLU_IDU!BB26 -> 0 | Q26: =IYJ_XLI!BB26 -> -0.0028193601 | R26: =IYK_XLP!BB26 -> 0.0033766826 | S26: =SUM(M26:R26) -> 0.00055732247 | T26: =+T25+S26 -> 0.015976438 | X26: =XLRE_IYR!BB26 -> 0 | Y26: =IYH_XLV!BB26 -> -0.00028633555
L27: =XLE_IYE!A27 -> 46062 | M27: =XLE_IYE!BB27 -> 0.00067232701 | N27: =XLF_IYF!BB27 -> 0 | O27: =XLK_IYW!BB27 -> -0.0010875915 | P27: =XLU_IDU!BB27 -> 0 | Q27: =IYJ_XLI!BB27 -> -0.0031230012 | R27: =IYK_XLP!BB27 -> 0.00099781824 | S27: =SUM(M27:R27) -> -0.0025404474 | T27: =+T26+S27 -> 0.013435991 | X27: =XLRE_IYR!BB27 -> 0 | Y27: =IYH_XLV!BB27 -> -0.00045251554
L28: =XLE_IYE!A28 -> 46063 | M28: =XLE_IYE!BB28 -> 0.00023681535 | N28: =XLF_IYF!BB28 -> 0.0041890824 | O28: =XLK_IYW!BB28 -> 0.00043843586 | P28: =XLU_IDU!BB28 -> 0.0013642812 | Q28: =IYJ_XLI!BB28 -> 0.0032141925 | R28: =IYK_XLP!BB28 -> -0.002268797 | S28: =SUM(M28:R28) -> 0.0071740104 | T28: =+T27+S28 -> 0.020610001 | X28: =XLRE_IYR!BB28 -> -0.0011004674 | Y28: =IYH_XLV!BB28 -> 0.0011289511
L29: =XLE_IYE!A29 -> 46064 | M29: =XLE_IYE!BB29 -> -0.00085988862 | N29: =XLF_IYF!BB29 -> 0 | O29: =XLK_IYW!BB29 -> -0.0019696631 | P29: =XLU_IDU!BB29 -> 0 | Q29: =IYJ_XLI!BB29 -> -0.0037807917 | R29: =IYK_XLP!BB29 -> 0.00038170078 | S29: =SUM(M29:R29) -> -0.0062286427 | T29: =+T28+S29 -> 0.014381359 | X29: =XLRE_IYR!BB29 -> -0.0030002883 | Y29: =IYH_XLV!BB29 -> -0.00098761185
L30: =XLE_IYE!A30 -> 46065 | M30: =XLE_IYE!BB30 -> -0.00059297517 | N30: =XLF_IYF!BB30 -> 0 | O30: =XLK_IYW!BB30 -> 0.002264201 | P30: =XLU_IDU!BB30 -> 0.0023315212 | Q30: =IYJ_XLI!BB30 -> -0.0023494402 | R30: =IYK_XLP!BB30 -> 0.0055542212 | S30: =SUM(M30:R30) -> 0.007207528 | T30: =+T29+S30 -> 0.021588887 | X30: =XLRE_IYR!BB30 -> -0.0022408514 | Y30: =IYH_XLV!BB30 -> -0.00054727686
L31: =XLE_IYE!A31 -> 46066 | M31: =XLE_IYE!BB31 -> 0.00068716913 | N31: =XLF_IYF!BB31 -> 0 | O31: =XLK_IYW!BB31 -> -0.0038222324 | P31: =XLU_IDU!BB31 -> -0.0014461983 | Q31: =IYJ_XLI!BB31 -> -0.0037893791 | R31: =IYK_XLP!BB31 -> 0 | S31: =SUM(M31:R31) -> -0.0083706406 | T31: =+T30+S31 -> 0.013218246 | X31: =XLRE_IYR!BB31 -> -0.0010267439 | Y31: =IYH_XLV!BB31 -> -0.00055949053
L32: =XLE_IYE!A32 -> 46070 | M32: =XLE_IYE!BB32 -> 0.00024269627 | N32: =XLF_IYF!BB32 -> 0.0024690391 | O32: =XLK_IYW!BB32 -> 0.00025845041 | P32: =XLU_IDU!BB32 -> -0.00047750645 | Q32: =IYJ_XLI!BB32 -> -0.00095824828 | R32: =IYK_XLP!BB32 -> 0.0049341894 | S32: =SUM(M32:R32) -> 0.0064686205 | T32: =+T31+S32 -> 0.019686867 | X32: =XLRE_IYR!BB32 -> -0.00023433219 | Y32: =IYH_XLV!BB32 -> 0.0012959705
L33: =XLE_IYE!A33 -> 46071 | M33: =XLE_IYE!BB33 -> 0.00037563386 | N33: =XLF_IYF!BB33 -> 0 | O33: =XLK_IYW!BB33 -> 0.00024488315 | P33: =XLU_IDU!BB33 -> 0.00094566545 | Q33: =IYJ_XLI!BB33 -> 0.0027840466 | R33: =IYK_XLP!BB33 -> 0 | S33: =SUM(M33:R33) -> 0.004350229 | T33: =+T32+S33 -> 0.024037096 | X33: =XLRE_IYR!BB33 -> 0.0015909785 | Y33: =IYH_XLV!BB33 -> 7.1914822e-05
L34: =XLE_IYE!A34 -> 46072 | M34: =XLE_IYE!BB34 -> -0.00056223748 | N34: =XLF_IYF!BB34 -> -0.00010035363 | O34: =XLK_IYW!BB34 -> 0.00060644976 | P34: =XLU_IDU!BB34 -> -0.00074436593 | Q34: =IYJ_XLI!BB34 -> -0.0045399767 | R34: =IYK_XLP!BB34 -> 0 | S34: =SUM(M34:R34) -> -0.005340484 | T34: =+T33+S34 -> 0.018696612 | X34: =XLRE_IYR!BB34 -> 0.0016647663 | Y34: =IYH_XLV!BB34 -> 0.00093164059
... L156: =XLE_IYE!A156 -> 46248 | M156: =XLE_IYE!BB156 -> 0 | N156: =XLF_IYF!BB156 -> 0 | O156: =XLK_IYW!BB156 -> -0.00026525902 | P156: =XLU_IDU!BB156 -> 0.00014030999 | Q156: =IYJ_XLI!BB156 -> 0 | R156: =IYK_XLP!BB156 -> 0.0044474506 | S156: =SUM(M156:R156) -> 0.0043225016 | T156: =+T155+S156 -> 0.26780608 | X156: =XLRE_IYR!BB156 -> -0.0016995207 | Y156: =IYH_XLV!BB156 -> 0.00047346538

Sheet XLE_IYE
A1: date | B1: XLE | C1: IYE | D1: IYE/XLE | E1: IYE/XLE avg | F1: IYE/XLE 10 dma | G1: IYE/XLE 20 dma | H1: XLE avg | I1: XLE 10 dma | J1: XLE 20 dma | K1: avg diff | L1: 10 dma diff | M1: 20 dma diff | N1: XLE div | O1: IYE div | P1: XLE* | Q1: IYE* | R1: IYE*/XLE* | S1: IYE*/XLE* avg | T1: IYE*/XLE* 10 dma | U1: IYE*/XLE* 20 dma | V1: XLE* avg | W1: XLE* 10 dma | X1: XLE* 20 dma | Y1: avg diff* | Z1: 10 dma diff* | AA1: 20 dma diff* | AC1: =_xlfn.CONCAT(B1," rtn") -> XLE rtn | AD1: =_xlfn.CONCAT(C1," rtn") -> IYE rtn | AF1: signal | AG1: -0.002 | AH1: under | AI1: over | AJ1: yday | AK1: position | AO1: =AO156 -> 0.0070471859 | AQ1: signal | AR1: 0.002 | AS1: over | AT1: under | AU1: yday | AV1: position | AZ1: =AZ156 -> 0.0077415819 | BC1: =BC156 -> 0.014788768
A2: 46024 | B2: 45.65 | C2: 48.55 | D2: 1.0635268 | E2: 1.0597117 | N2: 0 | O2: 0 | P2: 45.65 | Q2: 48.55 | R2: 1.0635268 | S2: 1.0599915 | AG2: 0 | AR2: 0
A3: 46027 | B3: 46.89 | C3: 49.73 | D3: 1.0605673 | E3: 1.0597117 | H3: 49.68988 | K3: 0.00080708395 | N3: 0 | O3: 0 | P3: 46.89 | Q3: 49.73 | R3: 1.0605673 | S3: 1.0599915 | V3: 49.703003 | Y3: 0.00054302347 | AC3: =LN(B3/B2) -> 0.026800826 | AD3: =LN(C3/C2) -> 0.024014178
A4: 46028 | B4: 45.64 | C4: 48.44 | D4: 1.0613497 | E4: 1.0597117 | H4: 48.36524 | K4: 0.001544538 | N4: 0 | O4: 0 | P4: 45.64 | Q4: 48.44 | R4: 1.0613497 | S4: 1.0599915 | V4: 48.378013 | Y4: 0.0012804775 | AC4: =LN(B4/B3) -> -0.027019908 | AD4: =LN(C4/C3) -> -0.026282454
A5: 46029 | B5: 45.13 | C5: 47.87 | D5: 1.0607135 | E5: 1.0597117 | H5: 47.824787 | K5: 0.00094493389 | N5: 0 | O5: 0 | P5: 45.13 | Q5: 47.87 | R5: 1.0607135 | S5: 1.0599915 | V5: 47.837418 | Y5: 0.00068087341 | AC5: =LN(B5/B4) -> -0.011237311 | AD5: =LN(C5/C4) -> -0.011836915
A6: 46030 | B6: 46.55 | C6: 49.29 | D6: 1.0588614 | E6: 1.0597117 | H6: 49.329578 | K6: -0.00080263869 | N6: 0 | O6: 0 | P6: 46.55 | Q6: 49.29 | R6: 1.0588614 | S6: 1.0599915 | V6: 49.342606 | Y6: -0.0010666992 | AC6: =LN(B6/B5) -> 0.03097979 | AD6: =LN(C6/C5) -> 0.029232217
A7: 46031 | B7: 46.67 | C7: 49.39 | D7: 1.0582816 | E7: 1.0597117 | H7: 49.456743 | K7: -0.0013504411 | N7: 0 | O7: 0 | P7: 46.67 | Q7: 49.39 | R7: 1.0582816 | S7: 1.0599915 | V7: 49.469805 | Y7: -0.0016145016 | AC7: =LN(B7/B6) -> 0.0025745562 | AD7: =LN(C7/C6) -> 0.0020267538
A8: 46034 | B8: 46.34 | C8: 49.07 | D8: 1.0589124 | E8: 1.0597117 | H8: 49.107038 | K8: -0.00075452458 | N8: 0 | O8: 0 | P8: 46.34 | Q8: 49.07 | R8: 1.0589124 | S8: 1.0599915 | V8: 49.120007 | Y8: -0.0010185851 | AC8: =LN(B8/B7) -> -0.007096041 | AD8: =LN(C8/C7) -> -0.0065001245
A9: 46035 | B9: 47 | C9: 49.77 | D9: 1.0589362 | E9: 1.0597117 | H9: 49.806448 | K9: -0.00073206452 | N9: 0 | O9: 0 | P9: 47 | Q9: 49.77 | R9: 1.0589362 | S9: 1.0599915 | V9: 49.819602 | Y9: -0.00099612499 | AC9: =LN(B9/B8) -> 0.014142083 | AD9: =LN(C9/C8) -> 0.014164543 | AN9: =AVERAGE(AN22:AN200) -> 5.2201377e-05 | AY9: =AVERAGE(AY22:AY200) -> 5.7345051e-05 | BB9: =AVERAGE(BB22:BB200) -> 0.00010954643
A10: 46036 | B10: 48.06 | C10: 50.84 | D10: 1.0578444 | E10: 1.0597117 | H10: 50.929743 | K10: -0.0017636397 | N10: 0 | O10: 0 | P10: 48.06 | Q10: 50.84 | R10: 1.0578444 | S10: 1.0599915 | V10: 50.943193 | Y10: -0.0020277001 | AC10: =LN(B10/B9) -> 0.022302629 | AD10: =LN(C10/C9) -> 0.021271053 | AN10: =STDEV(AN22:AN200) -> 0.00046728368 | AY10: =STDEV(AY22:AY200) -> 0.00053771508 | BB10: =STDEV(BB22:BB200) -> 0.00070813832
A11: 46037 | B11: 47.61 | C11: 50.43 | D11: 1.0592313 | E11: 1.0597117 | F11: 1.0598224 | H11: 50.452872 | K11: -0.0004534428 | N11: 0 | O11: 0 | P11: 47.61 | Q11: 50.43 | R11: 1.0592313 | S11: 1.0599915 | T11: 1.0598224 | V11: 50.466197 | Y11: -0.00071750327 | AC11: =LN(B11/B10) -> -0.0094074071 | AD11: =LN(C11/C10) -> -0.0080972102 | AN11: =SQRT(252)*AN9/AN10 -> 1.7733792 | AY11: =SQRT(252)*AY9/AY10 -> 1.6929495 | BB11: =SQRT(252)*BB9/BB10 -> 2.4557288
A12: 46038 | B12: 47.69 | C12: 50.55 | D12: 1.0599706 | E12: 1.0597117 | F12: 1.0594668 | H12: 50.537649 | I12: 50.542932 | K12: 0.00024435748 | L12: 0.00013982189 | N12: 0 | O12: 0 | P12: 47.69 | Q12: 50.55 | R12: 1.0599706 | S12: 1.0599915 | T12: 1.0594668 | V12: 50.550996 | W12: 50.542932 | Y12: -1.9702994e-05 | Z12: 0.00013982189 | AC12: =LN(B12/B11) -> 0.0016789091 | AD12: =LN(C12/C11) -> 0.0023767094
A13: 46042 | B13: 47.6 | C13: 50.42 | D13: 1.0592437 | E13: 1.0597117 | F13: 1.0593345 | H13: 50.442275 | I13: 50.430621 | K13: -0.00044169516 | L13: -0.00021062853 | N13: 0 | O13: 0 | P13: 47.6 | Q13: 50.42 | R13: 1.0592437 | S13: 1.0599915 | T13: 1.0593345 | V13: 50.455597 | W13: 50.430621 | Y13: -0.00070575563 | Z13: -0.00021062853 | AC13: =LN(B13/B12) -> -0.0018889711 | AD13: =LN(C13/C12) -> -0.0025750237
A14: 46043 | B14: 48.75 | C14: 51.63 | D14: 1.0590769 | E14: 1.0597117 | F14: 1.0591072 | H14: 51.660944 | I14: 51.642555 | K14: -0.00059915423 | L14: -0.0002431502 | N14: 0 | O14: 0 | P14: 48.75 | Q14: 51.63 | R14: 1.0590769 | S14: 1.0599915 | T14: 1.0591072 | V14: 51.674587 | W14: 51.642555 | Y14: -0.0008632147 | Z14: -0.0002431502 | AC14: =LN(B14/B13) -> 0.023872436 | AD14: =LN(C14/C13) -> 0.023714977
A15: 46044 | B15: 48.91 | C15: 51.77 | D15: 1.0584747 | E15: 1.0597117 | F15: 1.0588833 | H15: 51.830497 | I15: 51.800933 | K15: -0.0011678993 | L15: -0.00059732528 | N15: 0 | O15: 0 | P15: 48.91 | Q15: 51.77 | R15: 1.0584747 | S15: 1.0599915 | T15: 1.0588833 | V15: 51.844186 | W15: 51.800933 | Y15: -0.0014319598 | Z15: -0.00059732528 | AC15: =LN(B15/B14) -> 0.0032766771 | AD15: =LN(C15/C14) -> 0.002707932
A16: 46045 | B16: 49.19 | C16: 52.06 | D16: 1.0583452 | E16: 1.0597117 | F16: 1.0588317 | H16: 52.127217 | I16: 52.08647 | K16: -0.0012903069 | L16: -0.00050833016 | N16: 0 | O16: 0 | P16: 49.19 | Q16: 52.06 | R16: 1.0583452 | S16: 1.0599915 | T16: 1.0588317 | V16: 52.140983 | W16: 52.08647 | Y16: -0.0015543674 | Z16: -0.00050833016 | AC16: =LN(B16/B15) -> 0.0057084763 | AD16: =LN(C16/C15) -> 0.0055860687
A17: 46048 | B17: 49.22 | C17: 52.09 | D17: 1.0583096 | E17: 1.0597117 | F17: 1.0588345 | H17: 52.159008 | I17: 52.115696 | K17: -0.0013239089 | L17: -0.00049317701 | N17: 0 | O17: 0 | P17: 49.22 | Q17: 52.09 | R17: 1.0583096 | S17: 1.0599915 | T17: 1.0588345 | V17: 52.172783 | W17: 52.115696 | Y17: -0.0015879694 | Z17: -0.00049317701 | AC17: =LN(B17/B16) -> 0.00060969416 | AD17: =LN(C17/C16) -> 0.00057609219
A18: 46049 | B18: 49.67 | C18: 52.57 | D18: 1.0583853 | E18: 1.0597117 | F18: 1.0587818 | H18: 52.635878 | I18: 52.59231 | K18: -0.00125237 | L18: -0.00042428996 | N18: 0 | O18: 0 | P18: 49.67 | Q18: 52.57 | R18: 1.0583853 | S18: 1.0599915 | T18: 1.0587818 | V18: 52.649779 | W18: 52.59231 | Y18: -0.0015164304 | Z18: -0.00042428996 | AC18: =LN(B18/B17) -> 0.0091010842 | AD18: =LN(C18/C17) -> 0.0091726231
A19: 46050 | B19: 50.05 | C19: 52.98 | D19: 1.0585415 | E19: 1.0597117 | F19: 1.0587423 | H19: 53.038569 | I19: 52.992029 | K19: -0.0011048776 | L19: -0.00022702055 | N19: 0 | O19: 0 | P19: 50.05 | Q19: 52.98 | R19: 1.0585415 | S19: 1.0599915 | T19: 1.0587423 | V19: 53.052576 | W19: 52.992029 | Y19: -0.0013689381 | Z19: -0.00022702055 | AC19: =LN(B19/B18) -> 0.0076213766 | AD19: =LN(C19/C18) -> 0.007768869
A20: 46051 | B20: 50.51 | C20: 53.46 | D20: 1.0584043 | E20: 1.0597117 | F20: 1.0587983 | H20: 53.526036 | I20: 53.477075 | K20: -0.0012344814 | L20: -0.00031934391 | N20: 0 | O20: 0 | P20: 50.51 | Q20: 53.46 | R20: 1.0584043 | S20: 1.0599915 | T20: 1.0587983 | V20: 53.540172 | W20: 53.477075 | Y20: -0.0014985419 | Z20: -0.00031934391 | AC20: =LN(B20/B19) -> 0.0091488307 | AD20: =LN(C20/C19) -> 0.0090192269
A21: 46052 | B21: 51.05 | C21: 53.97 | D21: 1.0571988 | E21: 1.0597117 | F21: 1.0585951 | G21: 1.0592088 | H21: 54.09828 | I21: 54.051654 | K21: -0.0023740637 | L21: -0.0015118097 | N21: 0 | O21: 0 | P21: 51.05 | Q21: 53.97 | R21: 1.0571988 | S21: 1.0599915 | T21: 1.0585951 | U21: 1.0592088 | V21: 54.112568 | W21: 54.051654 | Y21: -0.0026381241 | Z21: -0.0015118097 | AC21: =LN(B21/B20) -> 0.010634208 | AD21: =LN(C21/C20) -> 0.0094946259 | AK21: 0 | AV21: 0
A22: 46055 | B22: 50.05 | C22: 52.98 | D22: 1.0585415 | E22: 1.0597117 | F22: 1.0584522 | G22: 1.0589595 | H22: 53.038569 | I22: 52.982683 | J22: 53.013398 | K22: -0.0011048776 | L22: -5.0648943e-05 | M22: -0.00063019891 | N22: 0 | O22: 0 | P22: 50.05 | Q22: 52.98 | R22: 1.0585415 | S22: 1.0599915 | T22: 1.0584522 | U22: 1.0589595 | V22: 53.052576 | W22: 52.982683 | X22: 53.013398 | Y22: -0.0013689381 | Z22: -5.0648943e-05 | AA22: -0.00063019891 | AC22: =LN(B22/B21) -> -0.019783039 | AD22: =LN(C22/C21) -> -0.018513853 | AH22: =IF($AA22<AG$1,1,0) -> 0 | AI22: =IF($AA22>AG$2,1,0) -> 0 | AJ22: =AK21 -> 0 | AK22: =IF(AH21,1,IF(AI21,0,AJ21)) -> 0 | AL22: =-AK22*$AC22 -> 0 | AM22: =AK22*$AD22 -> 0 | AN22: =AL22+AM22 -> 0 | AO22: =AO21+AN22 -> 0 | AS22: =IF($AA22>AR$1,1,0) -> 0 | AT22: =IF($AA22<AR$2,1,0) -> 1 | AU22: =AV21 -> 0 | AV22: =IF(AS21,1,IF(AT21,0,AU21)) -> 0 | AW22: =AV22*$AC22 -> 0 | AX22: =-AV22*$AD22 -> 0 | AY22: =AW22+AX22 -> 0 | AZ22: =AZ21+AY22 -> 0 | BB22: =AN22+AY22 -> 0 | BC22: =BC21+BB22 -> 0
A23: 46056 | B23: 51.67 | C23: 54.62 | D23: 1.0570931 | E23: 1.0597117 | F23: 1.0582371 | G23: 1.0587858 | H23: 54.755302 | I23: 54.690223 | J23: 54.716437 | K23: -0.0024740819 | L23: -0.0012848364 | M23: -0.0017640406 | N23: 0 | O23: 0 | P23: 51.67 | Q23: 54.62 | R23: 1.0570931 | S23: 1.0599915 | T23: 1.0582371 | U23: 1.0587858 | V23: 54.769762 | W23: 54.690223 | X23: 54.716437 | Y23: -0.0027381424 | Z23: -0.0012848364 | AA23: -0.0017640406 | AC23: =LN(B23/B22) -> 0.031854837 | AD23: =LN(C23/C22) -> 0.030485632 | AH23: =IF(AA23<AG$1,1,0) -> 0 | AI23: =IF($AA23>AG$2,1,0) -> 0 | AJ23: =AK23 -> 0 | AK23: =IF(AH22,1,IF(AI22,0,AJ22)) -> 0 | AL23: =-AK23*$AC23 -> 0 | AM23: =AK23*$AD23 -> 0 | AN23: =AL23+AM23 -> 0 | AO23: =AO22+AN23 -> 0 | AS23: =IF($AA23>AR$1,1,0) -> 0 | AT23: =IF($AA23<AR$2,1,0) -> 1 | AU23: =AV22 -> 0 | AV23: =IF(AS22,1,IF(AT22,0,AU22)) -> 0 | AW23: =AV23*$AC23 -> 0 | AX23: =-AV23*$AD23 -> 0 | AY23: =AW23+AX23 -> 0 | AZ23: =AZ22+AY23 -> 0 | BB23: =AN23+AY23 -> 0 | BC23: =BC22+BB23 -> 0
A24: 46057 | B24: 52.83 | C24: 55.83 | D24: 1.0567859 | E24: 1.0597117 | F24: 1.058008 | G24: 1.0585576 | H24: 55.984567 | I24: 55.906666 | J24: 55.935653 | K24: -0.0027647075 | L24: -0.0013722573 | M24: -0.0018906147 | N24: 0 | O24: 0 | P24: 52.83 | Q24: 55.83 | R24: 1.0567859 | S24: 1.0599915 | T24: 1.058008 | U24: 1.0585576 | V24: 55.999352 | W24: 55.906666 | X24: 55.935653 | Y24: -0.003028768 | Z24: -0.0013722573 | AA24: -0.0018906147 | AC24: =LN(B24/B23) -> 0.022201869 | AD24: =LN(C24/C23) -> 0.021911243 | AH24: =IF(AA24<AG$1,1,0) -> 0 | AI24: =IF($AA24>AG$2,1,0) -> 0 | AJ24: =AK24 -> 0 | AK24: =IF(AH23,1,IF(AI23,0,AJ23)) -> 0 | AL24: =-AK24*$AC24 -> 0 | AM24: =AK24*$AD24 -> 0 | AN24: =AL24+AM24 -> 0 | AO24: =AO23+AN24 -> 0 | AS24: =IF($AA24>AR$1,1,0) -> 0 | AT24: =IF($AA24<AR$2,1,0) -> 1 | AU24: =AV23 -> 0 | AV24: =IF(AS23,1,IF(AT23,0,AU23)) -> 0 | AW24: =AV24*$AC24 -> 0 | AX24: =-AV24*$AD24 -> 0 | AY24: =AW24+AX24 -> 0 | AZ24: =AZ23+AY24 -> 0 | BB24: =AN24+AY24 -> 0 | BC24: =BC23+BB24 -> 0
A25: 46058 | B25: 52.21 | C25: 55.19 | D25: 1.0570772 | E25: 1.0597117 | F25: 1.0578682 | G25: 1.0583758 | H25: 55.327546 | I25: 55.238597 | J25: 55.267292 | K25: -0.0024891257 | L25: -0.00088015925 | M25: -0.0013994902 | N25: 0 | O25: 0 | P25: 52.21 | Q25: 55.19 | R25: 1.0570772 | S25: 1.0599915 | T25: 1.0578682 | U25: 1.0583758 | V25: 55.342158 | W25: 55.238597 | X25: 55.267292 | Y25: -0.0027531861 | Z25: -0.00088015925 | AA25: -0.0013994902 | AC25: =LN(B25/B24) -> -0.011805164 | AD25: =LN(C25/C24) -> -0.011529582 | AH25: =IF(AA25<AG$1,1,0) -> 0 | AI25: =IF($AA25>AG$2,1,0) -> 0 | AJ25: =AK25 -> 0 | AK25: =IF(AH24,1,IF(AI24,0,AJ24)) -> 0 | AL25: =-AK25*$AC25 -> 0 | AM25: =AK25*$AD25 -> 0 | AN25: =AL25+AM25 -> 0 | AO25: =AO24+AN25 -> 0 | AS25: =IF($AA25>AR$1,1,0) -> 0 | AT25: =IF($AA25<AR$2,1,0) -> 1 | AU25: =AV24 -> 0 | AV25: =IF(AS24,1,IF(AT24,0,AU24)) -> 0 | AW25: =AV25*$AC25 -> 0 | AX25: =-AV25*$AD25 -> 0 | AY25: =AW25+AX25 -> 0 | AZ25: =AZ24+AY25 -> 0 | BB25: =AN25+AY25 -> 0 | BC25: =BC24+BB25 -> 0
A26: 46059 | B26: 53.25 | C26: 56.24 | D26: 1.0561502 | E26: 1.0597117 | F26: 1.0576487 | G26: 1.0582402 | H26: 56.429646 | I26: 56.331484 | J26: 56.35851 | K26: -0.0033664128 | L26: -0.001625344 | M26: -0.002105005 | N26: 0 | O26: 0 | P26: 53.25 | Q26: 56.24 | R26: 1.0561502 | S26: 1.0599915 | T26: 1.0576487 | U26: 1.0582402 | V26: 56.444549 | W26: 56.331484 | X26: 56.35851 | Y26: -0.0036304732 | Z26: -0.001625344 | AA26: -0.002105005 | AC26: =LN(B26/B25) -> 0.019723757 | AD26: =LN(C26/C25) -> 0.01884647 | AH26: =IF(AA26<AG$1,1,0) -> 1 | AI26: =IF($AA26>AG$2,1,0) -> 0 | AJ26: =AK26 -> 0 | AK26: =IF(AH25,1,IF(AI25,0,AJ25)) -> 0 | AL26: =-AK26*$AC26 -> 0 | AM26: =AK26*$AD26 -> 0 | AN26: =AL26+AM26 -> 0 | AO26: =AO25+AN26 -> 0 | AS26: =IF($AA26>AR$1,1,0) -> 0 | AT26: =IF($AA26<AR$2,1,0) -> 1 | AU26: =AV25 -> 0 | AV26: =IF(AS25,1,IF(AT25,0,AU25)) -> 0 | AW26: =AV26*$AC26 -> 0 | AX26: =-AV26*$AD26 -> 0 | AY26: =AW26+AX26 -> 0 | AZ26: =AZ25+AY26 -> 0 | BB26: =AN26+AY26 -> 0 | BC26: =BC25+BB26 -> 0
A27: 46062 | B27: 53.64 | C27: 56.69 | D27: 1.0568606 | E27: 1.0597117 | F27: 1.0575038 | G27: 1.0581692 | H27: 56.842934 | I27: 56.732279 | J27: 56.764005 | K27: -0.0026940858 | L27: -0.00074550674 | M27: -0.0013045865 | N27: 0 | O27: 0 | P27: 53.64 | Q27: 56.69 | R27: 1.0568606 | S27: 1.0599915 | T27: 1.0575038 | U27: 1.0581692 | V27: 56.857946 | W27: 56.732279 | X27: 56.764005 | Y27: -0.0029581462 | Z27: -0.00074550674 | AA27: -0.0013045865 | AC27: =LN(B27/B26) -> 0.0072972538 | AD27: =LN(C27/C26) -> 0.0079695808 | AH27: =IF(AA27<AG$1,1,0) -> 0 | AI27: =IF($AA27>AG$2,1,0) -> 0 | AJ27: =AK27 -> 1 | AK27: =IF(AH26,1,IF(AI26,0,AJ26)) -> 1 | AL27: =-AK27*$AC27 -> -0.0072972538 | AM27: =AK27*$AD27 -> 0.0079695808 | AN27: =AL27+AM27 -> 0.00067232701 | AO27: =AO26+AN27 -> 0.00067232701 | AS27: =IF($AA27>AR$1,1,0) -> 0 | AT27: =IF($AA27<AR$2,1,0) -> 1 | AU27: =AV26 -> 0 | AV27: =IF(AS26,1,IF(AT26,0,AU26)) -> 0 | AW27: =AV27*$AC27 -> 0 | AX27: =-AV27*$AD27 -> 0 | AY27: =AW27+AX27 -> 0 | AZ27: =AZ26+AY27 -> 0 | BB27: =AN27+AY27 -> 0.00067232701 | BC27: =BC26+BB27 -> 0.00067232701
A28: 46063 | B28: 53.58 | C28: 56.64 | D28: 1.0571109 | E28: 1.0597117 | F28: 1.0573764 | G28: 1.0580791 | H28: 56.779351 | I28: 56.661055 | J28: 56.696704 | K28: -0.0024572704 | L28: -0.00037167258 | M28: -0.0010006292 | N28: 0 | O28: 0 | P28: 53.58 | Q28: 56.64 | R28: 1.0571109 | S28: 1.0599915 | T28: 1.0573764 | U28: 1.0580791 | V28: 56.794346 | W28: 56.661055 | X28: 56.696704 | Y28: -0.0027213309 | Z28: -0.00037167258 | AA28: -0.0010006292 | AC28: =LN(B28/B27) -> -0.0011191943 | AD28: =LN(C28/C27) -> -0.00088237895 | AH28: =IF(AA28<AG$1,1,0) -> 0 | AI28: =IF($AA28>AG$2,1,0) -> 0 | AJ28: =AK28 -> 1 | AK28: =IF(AH27,1,IF(AI27,0,AJ27)) -> 1 | AL28: =-AK28*$AC28 -> 0.0011191943 | AM28: =AK28*$AD28 -> -0.00088237895 | AN28: =AL28+AM28 -> 0.00023681535 | AO28: =AO27+AN28 -> 0.00090914236 | AS28: =IF($AA28>AR$1,1,0) -> 0 | AT28: =IF($AA28<AR$2,1,0) -> 1 | AU28: =AV27 -> 0 | AV28: =IF(AS27,1,IF(AT27,0,AU27)) -> 0 | AW28: =AV28*$AC28 -> 0 | AX28: =-AV28*$AD28 -> 0 | AY28: =AW28+AX28 -> 0 | AZ28: =AZ27+AY28 -> 0 | BB28: =AN28+AY28 -> 0.00023681535 | BC28: =BC27+BB28 -> 0.00090914236
A29: 46064 | B29: 54.98 | C29: 58.07 | D29: 1.0562023 | E29: 1.0597117 | F29: 1.0571425 | G29: 1.0579424 | H29: 58.262947 | I29: 58.134554 | J29: 58.173188 | K29: -0.003317159 | L29: -0.0011110361 | M29: -0.0017753896 | N29: 0 | O29: 0 | P29: 54.98 | Q29: 58.07 | R29: 1.0562023 | S29: 1.0599915 | T29: 1.0571425 | U29: 1.0579424 | V29: 58.278334 | W29: 58.134554 | X29: 58.173188 | Y29: -0.0035812195 | Z29: -0.0011110361 | AA29: -0.0017753896 | AC29: =LN(B29/B28) -> 0.025793619 | AD29: =LN(C29/C28) -> 0.02493373 | AH29: =IF(AA29<AG$1,1,0) -> 0 | AI29: =IF($AA29>AG$2,1,0) -> 0 | AJ29: =AK29 -> 1 | AK29: =IF(AH28,1,IF(AI28,0,AJ28)) -> 1 | AL29: =-AK29*$AC29 -> -0.025793619 | AM29: =AK29*$AD29 -> 0.02493373 | AN29: =AL29+AM29 -> -0.00085988862 | AO29: =AO28+AN29 -> 4.9253734e-05 | AS29: =IF($AA29>AR$1,1,0) -> 0 | AT29: =IF($AA29<AR$2,1,0) -> 1 | AU29: =AV28 -> 0 | AV29: =IF(AS28,1,IF(AT28,0,AU28)) -> 0 | AW29: =AV29*$AC29 -> 0 | AX29: =-AV29*$AD29 -> 0 | AY29: =AW29+AX29 -> 0 | AZ29: =AZ28+AY29 -> 0 | BB29: =AN29+AY29 -> -0.00085988862 | BC29: =BC28+BB29 -> 4.9253734e-05
A30: 46065 | B30: 53.98 | C30: 56.98 | D30: 1.0555761 | E30: 1.0597117 | F30: 1.0568597 | G30: 1.057829 | H30: 57.203236 | I30: 57.06455 | J30: 57.107731 | K30: -0.0039101342 | L30: -0.0014827597 | M30: -0.002239164 | N30: 0 | O30: 0 | P30: 53.98 | Q30: 56.98 | R30: 1.0555761 | S30: 1.0599915 | T30: 1.0568597 | U30: 1.057829 | V30: 57.218343 | W30: 57.06455 | X30: 57.107731 | Y30: -0.0041741947 | Z30: -0.0014827597 | AA30: -0.002239164 | AC30: =LN(B30/B29) -> -0.018355875 | AD30: =LN(C30/C29) -> -0.01894885 | AH30: =IF(AA30<AG$1,1,0) -> 1 | AI30: =IF($AA30>AG$2,1,0) -> 0 | AJ30: =AK30 -> 1 | AK30: =IF(AH29,1,IF(AI29,0,AJ29)) -> 1 | AL30: =-AK30*$AC30 -> 0.018355875 | AM30: =AK30*$AD30 -> -0.01894885 | AN30: =AL30+AM30 -> -0.00059297517 | AO30: =AO29+AN30 -> -0.00054372143 | AS30: =IF($AA30>AR$1,1,0) -> 0 | AT30: =IF($AA30<AR$2,1,0) -> 1 | AU30: =AV29 -> 0 | AV30: =IF(AS29,1,IF(AT29,0,AU29)) -> 0 | AW30: =AV30*$AC30 -> 0 | AX30: =-AV30*$AD30 -> 0 | AY30: =AW30+AX30 -> 0 | AZ30: =AZ29+AY30 -> 0 | BB30: =AN30+AY30 -> -0.00059297517 | BC30: =BC29+BB30 -> -0.00054372143
A31: 46066 | B31: 54.35 | C31: 57.41 | D31: 1.0563017 | E31: 1.0597117 | F31: 1.0567699 | G31: 1.0576825 | H31: 57.595329 | I31: 57.440322 | J31: 57.493005 | K31: -0.0032229651 | L31: -0.00052802817 | M31: -0.0014447895 | N31: 0 | O31: 0 | P31: 54.35 | Q31: 57.41 | R31: 1.0563017 | S31: 1.0599915 | T31: 1.0567699 | U31: 1.0576825 | V31: 57.61054 | W31: 57.440322 | X31: 57.493005 | Y31: -0.0034870255 | Z31: -0.00052802817 | AA31: -0.0014447895 | AC31: =LN(B31/B30) -> 0.006831006 | AD31: =LN(C31/C30) -> 0.0075181751 | AH31: =IF(AA31<AG$1,1,0) -> 0 | AI31: =IF($AA31>AG$2,1,0) -> 0 | AJ31: =AK31 -> 1 | AK31: =IF(AH30,1,IF(AI30,0,AJ30)) -> 1 | AL31: =-AK31*$AC31 -> -0.006831006 | AM31: =AK31*$AD31 -> 0.0075181751 | AN31: =AL31+AM31 -> 0.00068716913 | AO31: =AO30+AN31 -> 0.0001434477 | AS31: =IF($AA31>AR$1,1,0) -> 0 | AT31: =IF($AA31<AR$2,1,0) -> 1 | AU31: =AV30 -> 0 | AV31: =IF(AS30,1,IF(AT30,0,AU30)) -> 0 | AW31: =AV31*$AC31 -> 0 | AX31: =-AV31*$AD31 -> 0 | AY31: =AW31+AX31 -> 0 | AZ31: =AZ30+AY31 -> 0 | BB31: =AN31+AY31 -> 0.00068716913 | BC31: =BC30+BB31 -> 0.0001434477
A32: 46070 | B32: 53.75 | C32: 56.79 | D32: 1.0565581 | E32: 1.0597117 | F32: 1.0565716 | G32: 1.0575119 | H32: 56.959502 | I32: 56.801385 | J32: 56.850435 | K32: -0.0029802688 | L32: -0.00020044694 | M32: -0.0010636158 | N32: 0 | O32: 0 | P32: 53.75 | Q32: 56.79 | R32: 1.0565581 | S32: 1.0599915 | T32: 1.0565716 | U32: 1.0575119 | V32: 56.974545 | W32: 56.801385 | X32: 56.850435 | Y32: -0.0032443293 | Z32: -0.00020044694 | AA32: -0.0010636158 | AC32: =LN(B32/B31) -> -0.011100947 | AD32: =LN(C32/C31) -> -0.01085825 | AH32: =IF(AA32<AG$1,1,0) -> 0 | AI32: =IF($AA32>AG$2,1,0) -> 0 | AJ32: =AK32 -> 1 | AK32: =IF(AH31,1,IF(AI31,0,AJ31)) -> 1 | AL32: =-AK32*$AC32 -> 0.011100947 | AM32: =AK32*$AD32 -> -0.01085825 | AN32: =AL32+AM32 -> 0.00024269627 | AO32: =AO31+AN32 -> 0.00038614397 | AS32: =IF($AA32>AR$1,1,0) -> 0 | AT32: =IF($AA32<AR$2,1,0) -> 1 | AU32: =AV31 -> 0 | AV32: =IF(AS31,1,IF(AT31,0,AU31)) -> 0 | AW32: =AV32*$AC32 -> 0 | AX32: =-AV32*$AD32 -> 0 | AY32: =AW32+AX32 -> 0 | AZ32: =AZ31+AY32 -> 0 | BB32: =AN32+AY32 -> 0.00024269627 | BC32: =BC31+BB32 -> 0.00038614397
A33: 46071 | B33: 54.78 | C33: 57.9 | D33: 1.0569551 | E33: 1.0597117 | F33: 1.0565578 | G33: 1.0573975 | H33: 58.051005 | I33: 57.878993 | J33: 57.930501 | K33: -0.0026046349 | L33: 0.00036288199 | M33: -0.000526649 | N33: 0 | O33: 0 | P33: 54.78 | Q33: 57.9 | R33: 1.0569551 | S33: 1.0599915 | T33: 1.0565578 | U33: 1.0573975 | V33: 58.066336 | W33: 57.878993 | X33: 57.930501 | Y33: -0.0028686954 | Z33: 0.00036288199 | AA33: -0.000526649 | AC33: =LN(B33/B32) -> 0.018981497 | AD33: =LN(C33/C32) -> 0.019357131 | AH33: =IF(AA33<AG$1,1,0) -> 0 | AI33: =IF($AA33>AG$2,1,0) -> 0 | AJ33: =AK33 -> 1 | AK33: =IF(AH32,1,IF(AI32,0,AJ32)) -> 1 | AL33: =-AK33*$AC33 -> -0.018981497 | AM33: =AK33*$AD33 -> 0.019357131 | AN33: =AL33+AM33 -> 0.00037563386 | AO33: =AO32+AN33 -> 0.00076177783 | AS33: =IF($AA33>AR$1,1,0) -> 0 | AT33: =IF($AA33<AR$2,1,0) -> 1 | AU33: =AV32 -> 0 | AV33: =IF(AS32,1,IF(AT32,0,AU32)) -> 0 | AW33: =AV33*$AC33 -> 0 | AX33: =-AV33*$AD33 -> 0 | AY33: =AW33+AX33 -> 0 | AZ33: =AZ32+AY33 -> 0 | BB33: =AN33+AY33 -> 0.00037563386 | BC33: =BC32+BB33 -> 0.00076177783
A34: 46072 | B34: 55.18 | C34: 58.29 | D34: 1.056361 | E34: 1.0597117 | F34: 1.0565153 | G34: 1.0572617 | H34: 58.47489 | I34: 58.30086 | J34: 58.347192 | K34: -0.0031668724 | L34: -0.00018629451 | M34: -0.00098067359 | N34: 0 | O34: 0 | P34: 55.18 | Q34: 58.29 | R34: 1.056361 | S34: 1.0599915 | T34: 1.0565153 | U34: 1.0572617 | V34: 58.490333 | W34: 58.30086 | X34: 58.347192 | Y34: -0.0034309329 | Z34: -0.00018629451 | AA34: -0.00098067359 | AC34: =LN(B34/B33) -> 0.007275405 | AD34: =LN(C34/C33) -> 0.0067131675 | AH34: =IF(AA34<AG$1,1,0) -> 0 | AI34: =IF($AA34>AG$2,1,0) -> 0 | AJ34: =AK34 -> 1 | AK34: =IF(AH33,1,IF(AI33,0,AJ33)) -> 1 | AL34: =-AK34*$AC34 -> -0.007275405 | AM34: =AK34*$AD34 -> 0.0067131675 | AN34: =AL34+AM34 -> -0.00056223748 | AO34: =AO33+AN34 -> 0.00019954036 | AS34: =IF($AA34>AR$1,1,0) -> 0 | AT34: =IF($AA34<AR$2,1,0) -> 1 | AU34: =AV33 -> 0 | AV34: =IF(AS33,1,IF(AT33,0,AU33)) -> 0 | AW34: =AV34*$AC34 -> 0 | AX34: =-AV34*$AD34 -> 0 | AY34: =AW34+AX34 -> 0 | AZ34: =AZ33+AY34 -> 0 | BB34: =AN34+AY34 -> -0.00056223748 | BC34: =BC33+BB34 -> 0.00019954036
... A156: 46248 | B156: 61.91 | C156: 65.66 | D156: 1.0605718 | E156: 1.0597117 | F156: 1.0626294 | G156: 1.0624332 | H156: 65.606749 | I156: 65.785615 | J156: 65.77933 | K156: 0.00081133886 | L156: -0.0019112904 | M156: -0.0018157443 | N156: 0 | O156: 0 | P156: 61.91 | Q156: 65.66 | R156: 1.0605718 | S156: 1.0599915 | T156: 1.0626294 | U156: 1.0624332 | V156: 65.624076 | W156: 65.785615 | X156: 65.77933 | Y156: 0.00054727839 | Z156: -0.0019112904 | AA156: -0.0018157443 | AC156: =LN(B156/B155) -> 0.01382473 | AD156: =LN(C156/C155) -> 0.013647379 | AH156: =IF(AA156<AG$1,1,0) -> 0 | AI156: =IF($AA156>AG$2,1,0) -> 0 | AJ156: =AK156 -> 0 | AK156: =IF(AH155,1,IF(AI155,0,AJ155)) -> 0 | AL156: =-AK156*$AC156 -> 0 | AM156: =AK156*$AD156 -> 0 | AN156: =AL156+AM156 -> 0 | AO156: =AO155+AN156 -> 0.0070471859 | AS156: =IF($AA156>AR$1,1,0) -> 0 | AT156: =IF($AA156<AR$2,1,0) -> 1 | AU156: =AV155 -> 0 | AV156: =IF(AS155,1,IF(AT155,0,AU155)) -> 0 | AW156: =AV156*$AC156 -> 0 | AX156: =-AV156*$AD156 -> 0 | AY156: =AW156+AX156 -> 0 | AZ156: =AZ155+AY156 -> 0.0077415819 | BB156: =AN156+AY156 -> 0 | BC156: =BC155+BB156 -> 0.014788768

Sheet XLF_IYF
A1: date | B1: XLF | C1: IYF | D1: IYF/XLF | E1: IYF/XLF avg | F1: IYF/XLF 10 dma | G1: IYF/XLF 20 dma | H1: XLF avg | I1: XLF 10 dma | J1: XLF 20 dma | K1: avg diff | L1: 10 dma diff | M1: 20 dma diff | N1: XLF div | O1: IYF div | P1: XLF* | Q1: IYF* | R1: IYF*/XLF* | S1: IYF*/XLF* avg | T1: IYF*/XLF* 10 dma | U1: IYF*/XLF* 20 dma | V1: XLF* avg | W1: XLF* 10 dma | X1: XLF* 20 dma | Y1: avg diff* | Z1: 10 dma diff* | AA1: 20 dma diff* | AC1: =_xlfn.CONCAT(B1," rtn") -> XLF rtn | AD1: =_xlfn.CONCAT(C1," rtn") -> IYF rtn | AF1: signal | AG1: -0.004 | AH1: under | AI1: over | AJ1: yday | AK1: position | AO1: =AO156 -> 0.019435292 | AQ1: signal | AR1: 0.004 | AS1: over | AT1: under | AU1: yday | AV1: position | AZ1: =AZ156 -> 0.029060433 | BC1: =BC156 -> 0.048495725
A2: 46024 | B2: 54.93 | C2: 129.65 | D2: 2.3602767 | E2: 2.3831652 | N2: 0 | O2: 0 | P2: 54.93 | Q2: 129.65 | R2: 2.3602767 | S2: 2.3836499 | AG2: -0.002 | AR2: 0
A3: 46027 | B3: 56.13 | C3: 132.78 | D3: 2.3655799 | E3: 2.3831652 | H3: 133.76706 | K3: -0.0074063246 | N3: 0 | O3: 0 | P3: 56.13 | Q3: 132.78 | R3: 2.3655799 | S3: 2.3836499 | V3: 133.79427 | Y3: -0.0076097054 | AC3: =LN(B3/B2) -> 0.021610782 | AD3: =LN(C3/C2) -> 0.023855111
A4: 46028 | B4: 56.4 | C4: 133 | D4: 2.358156 | E4: 2.3831652 | H4: 134.41052 | K4: -0.010549549 | N4: 0 | O4: 0 | P4: 56.4 | Q4: 133 | R4: 2.358156 | S4: 2.3836499 | V4: 134.43786 | Y4: -0.01075293 | AC4: =LN(B4/B3) -> 0.0047987295 | AD4: =LN(C4/C3) -> 0.0016555049
A5: 46029 | B5: 55.61 | C5: 130.84 | D5: 2.3528142 | E5: 2.3831652 | H5: 132.52782 | K5: -0.012817357 | N5: 0 | O5: 0 | P5: 55.61 | Q5: 130.84 | R5: 2.3528142 | S5: 2.3836499 | V5: 132.55477 | Y5: -0.013020738 | AC5: =LN(B5/B4) -> -0.014106117 | AD5: =LN(C5/C4) -> -0.016373926
A6: 46030 | B6: 55.9 | C6: 131.79 | D6: 2.3576029 | E6: 2.3831652 | H6: 133.21893 | K6: -0.010784152 | N6: 0 | O6: 0 | P6: 55.9 | Q6: 131.79 | R6: 2.3576029 | S6: 2.3836499 | V6: 133.24603 | Y6: -0.010987533 | AC6: =LN(B6/B5) -> 0.005201339 | AD6: =LN(C6/C5) -> 0.007234544
A7: 46031 | B7: 55.73 | C7: 131.56 | D7: 2.3606675 | E7: 2.3831652 | H7: 132.8138 | K7: -0.0094850992 | N7: 0 | O7: 0 | P7: 55.73 | Q7: 131.56 | R7: 2.3606675 | S7: 2.3836499 | V7: 132.84081 | Y7: -0.00968848 | AC7: =LN(B7/B6) -> -0.0030457786 | AD7: =LN(C7/C6) -> -0.0017467253
A8: 46034 | B8: 55.29 | C8: 131.07 | D8: 2.3705914 | E8: 2.3831652 | H8: 131.7652 | K8: -0.0052900476 | N8: 0 | O8: 0 | P8: 55.29 | Q8: 131.07 | R8: 2.3705914 | S8: 2.3836499 | V8: 131.792 | Y8: -0.0054934284 | AC8: =LN(B8/B7) -> -0.0079265412 | AD8: =LN(C8/C7) -> -0.0037314897
A9: 46035 | B9: 54.23 | C9: 129.16 | D9: 2.3817075 | E9: 2.3831652 | H9: 129.23905 | K9: -0.00061183385 | N9: 0 | O9: 0 | P9: 54.23 | Q9: 129.16 | R9: 2.3817075 | S9: 2.3836499 | V9: 129.26534 | Y9: -0.00081521469 | AC9: =LN(B9/B8) -> -0.019357799 | AD9: =LN(C9/C8) -> -0.014679586 | AN9: =AVERAGE(AN22:AN200) -> 0.00014396513 | AY9: =AVERAGE(AY22:AY200) -> 0.00021526247 | BB9: =AVERAGE(BB22:BB200) -> 0.00035922759
A10: 46036 | B10: 54.15 | C10: 128.99 | D10: 2.3820868 | E10: 2.3831652 | H10: 129.0484 | K10: -0.00045261036 | N10: 0 | O10: 0 | P10: 54.15 | Q10: 128.99 | R10: 2.3820868 | S10: 2.3836499 | V10: 129.07464 | Y10: -0.0006559912 | AC10: =LN(B10/B9) -> -0.0014762874 | AD10: =LN(C10/C9) -> -0.0013170639 | AN10: =STDEV(AN22:AN200) -> 0.0010192111 | AY10: =STDEV(AY22:AY200) -> 0.0012221791 | BB10: =STDEV(BB22:BB200) -> 0.0015716456
A11: 46037 | B11: 54.37 | C11: 129.76 | D11: 2.3866103 | E11: 2.3831652 | F11: 2.3676093 | H11: 129.57269 | K11: 0.0014445403 | N11: 0 | O11: 0 | P11: 54.37 | Q11: 129.76 | R11: 2.3866103 | S11: 2.3836499 | T11: 2.3676093 | V11: 129.59905 | Y11: 0.0012411595 | AC11: =LN(B11/B10) -> 0.0040545577 | AD11: =LN(C11/C10) -> 0.0059517084 | AN11: =SQRT(252)*AN9/AN10 -> 2.2422985 | AY11: =SQRT(252)*AY9/AY10 -> 2.7959778 | BB11: =SQRT(252)*BB9/BB10 -> 3.6284014
A12: 46038 | B12: 54.44 | C12: 129.84 | D12: 2.385011 | E12: 2.3831652 | F12: 2.3700828 | H12: 129.73951 | I12: 128.89265 | K12: 0.00077422653 | L12: 0.0073230216 | N12: 0 | O12: 0 | P12: 54.44 | Q12: 129.84 | R12: 2.385011 | S12: 2.3836499 | T12: 2.3700828 | V12: 129.7659 | W12: 128.89265 | Y12: 0.00057084569 | Z12: 0.0073230216 | AC12: =LN(B12/B11) -> 0.0012866466 | AD12: =LN(C12/C11) -> 0.00061633284
A13: 46042 | B13: 53.2 | C13: 126.95 | D13: 2.3862782 | E13: 2.3831652 | F13: 2.3721526 | H13: 126.78439 | I13: 126.0884 | K13: 0.0013053929 | L13: 0.0068100379 | N13: 0 | O13: 0 | P13: 53.2 | Q13: 126.95 | R13: 2.3862782 | S13: 2.3836499 | T13: 2.3721526 | V13: 126.81018 | W13: 126.0884 | Y13: 0.0011020121 | Z13: 0.0068100379 | AC13: =LN(B13/B12) -> -0.023040781 | AD13: =LN(C13/C12) -> -0.022509615
A14: 46043 | B14: 53.46 | C14: 127.82 | D14: 2.3909465 | E14: 2.3831652 | F14: 2.3754316 | H14: 127.40401 | I14: 126.81528 | K14: 0.0032597946 | L14: 0.0078915055 | N14: 0 | O14: 0 | P14: 53.46 | Q14: 127.82 | R14: 2.3909465 | S14: 2.3836499 | T14: 2.3754316 | V14: 127.42993 | W14: 126.81528 | Y14: 0.0030564138 | Z14: 0.0078915055 | AC14: =LN(B14/B13) -> 0.0048753144 | AD14: =LN(C14/C13) -> 0.0068297161
A15: 46044 | B15: 53.81 | C15: 128.41 | D15: 2.3863594 | E15: 2.3831652 | F15: 2.3787862 | H15: 128.23812 | I15: 127.82198 | K15: 0.0013394275 | L15: 0.0045897841 | N15: 0 | O15: 0 | P15: 53.81 | Q15: 128.41 | R15: 2.3863594 | S15: 2.3836499 | T15: 2.3787862 | V15: 128.2642 | W15: 127.82198 | Y15: 0.0011360466 | Z15: 0.0045897841 | AC15: =LN(B15/B14) -> 0.0065256128 | AD15: =LN(C15/C14) -> 0.0046052456
A16: 46045 | B16: 53.07 | C16: 126.73 | D16: 2.3879781 | E16: 2.3831652 | F16: 2.3818237 | H16: 126.47458 | I16: 126.24218 | K16: 0.0020175234 | L16: 0.0038567046 | N16: 0 | O16: 0 | P16: 53.07 | Q16: 126.73 | R16: 2.3879781 | S16: 2.3836499 | T16: 2.3818237 | V16: 126.5003 | W16: 126.24218 | Y16: 0.0018141425 | Z16: 0.0038567046 | AC16: =LN(B16/B15) -> -0.013847527 | AD16: =LN(C16/C15) -> -0.013169431
A17: 46048 | B17: 53.41 | C17: 127.49 | D17: 2.3870062 | E17: 2.3831652 | F17: 2.3844575 | H17: 127.28485 | I17: 127.2132 | K17: 0.0016104169 | L17: 0.0021734892 | N17: 0 | O17: 0 | P17: 53.41 | Q17: 127.49 | R17: 2.3870062 | S17: 2.3836499 | T17: 2.3844575 | V17: 127.31074 | W17: 127.2132 | Y17: 0.0014070361 | Z17: 0.0021734892 | AC17: =LN(B17/B16) -> 0.0063861975 | AD17: =LN(C17/C16) -> 0.0059790911
A18: 46049 | B18: 53 | C18: 126.82 | D18: 2.3928302 | E18: 2.3831652 | F18: 2.3866814 | H18: 126.30776 | I18: 126.37625 | K18: 0.0040473258 | L18: 0.0035051894 | N18: 0 | O18: 0 | P18: 53 | Q18: 126.82 | R18: 2.3928302 | S18: 2.3836499 | T18: 2.3866814 | V18: 126.33345 | W18: 126.37625 | Y18: 0.003843945 | Z18: 0.0035051894 | AC18: =LN(B18/B17) -> -0.0077060808 | AD18: =LN(C18/C17) -> -0.0052691719
A19: 46050 | B19: 52.99 | C19: 126.73 | D19: 2.3915833 | E19: 2.3831652 | F19: 2.387669 | H19: 126.28392 | I19: 126.47025 | K19: 0.0035261037 | L19: 0.002051747 | N19: 0 | O19: 0 | P19: 52.99 | Q19: 126.73 | R19: 2.3915833 | S19: 2.3836499 | T19: 2.387669 | V19: 126.30961 | W19: 126.47025 | Y19: 0.0033227229 | Z19: 0.002051747 | AC19: =LN(B19/B18) -> -0.00018869705 | AD19: =LN(C19/C18) -> -0.00070991918
A20: 46051 | B20: 53.55 | C20: 127.72 | D20: 2.3850607 | E20: 2.3831652 | F20: 2.3879664 | H20: 127.6185 | I20: 127.85968 | K20: 0.00079505206 | L20: -0.001093006 | N20: 0 | O20: 0 | P20: 53.55 | Q20: 127.72 | R20: 2.3850607 | S20: 2.3836499 | T20: 2.3879664 | V20: 127.64445 | W20: 127.85968 | Y20: 0.00059167122 | Z20: -0.001093006 | AC20: =LN(B20/B19) -> 0.01051258 | AD20: =LN(C20/C19) -> 0.0077815288
A21: 46052 | B21: 53.44 | C21: 127.7 | D21: 2.3895958 | E21: 2.3831652 | F21: 2.3882649 | G21: 2.3779371 | H21: 127.35635 | I21: 127.61292 | K21: 0.0026947149 | L21: 0.00068211239 | N21: 0 | O21: 0 | P21: 53.44 | Q21: 127.7 | R21: 2.3895958 | S21: 2.3836499 | T21: 2.3882649 | U21: 2.3779371 | V21: 127.38225 | W21: 127.61292 | Y21: 0.0024913341 | Z21: 0.00068211239 | AC21: =LN(B21/B20) -> -0.0020562677 | AD21: =LN(C21/C20) -> -0.00015660481 | AK21: 0 | AV21: 0
A22: 46055 | B22: 54.03 | C22: 128.57 | D22: 2.3796039 | E22: 2.3831652 | F22: 2.3877242 | G22: 2.3789035 | H22: 128.76242 | I22: 129.03796 | J22: 128.47994 | K22: -0.0014954637 | L22: -0.003633083 | M22: 0.00070069252 | N22: 0 | O22: 0 | P22: 54.03 | Q22: 128.57 | R22: 2.3796039 | S22: 2.3836499 | T22: 2.3877242 | U22: 2.3789035 | V22: 128.78861 | W22: 129.03796 | X22: 128.47994 | Y22: -0.0016988445 | Z22: -0.003633083 | AA22: 0.00070069252 | AC22: =LN(B22/B21) -> 0.010979919 | AD22: =LN(C22/C21) -> 0.0067897401 | AH22: =IF($AA22<AG$1,1,0) -> 0 | AI22: =IF($AA22>AG$2,1,0) -> 1 | AJ22: =AK21 -> 0 | AK22: =IF(AH21,1,IF(AI21,0,AJ21)) -> 0 | AL22: =-AK22*$AC22 -> 0 | AM22: =AK22*$AD22 -> 0 | AN22: =AL22+AM22 -> 0 | AO22: =AO21+AN22 -> 0 | AS22: =IF($AA22>AR$1,1,0) -> 0 | AT22: =IF($AA22<AR$2,1,0) -> 0 | AU22: =AV21 -> 0 | AV22: =IF(AS21,1,IF(AT21,0,AU21)) -> 0 | AW22: =AV22*$AC22 -> 0 | AX22: =-AV22*$AD22 -> 0 | AY22: =AW22+AX22 -> 0 | AZ22: =AZ21+AY22 -> 0 | BB22: =AN22+AY22 -> 0 | BC22: =BC21+BB22 -> 0
A23: 46056 | B23: 53.53 | C23: 127.68 | D23: 2.3852046 | E23: 2.3831652 | F23: 2.3876169 | G23: 2.3798847 | H23: 127.57083 | I23: 127.81488 | J23: 127.3427 | K23: 0.00085537041 | L23: -0.0010558205 | M23: 0.0026452231 | N23: 0 | O23: 0 | P23: 53.53 | Q23: 127.68 | R23: 2.3852046 | S23: 2.3836499 | T23: 2.3876169 | U23: 2.3798847 | V23: 127.59678 | W23: 127.81488 | X23: 127.3427 | Y23: 0.00065198957 | Z23: -0.0010558205 | AA23: 0.0026452231 | AC23: =LN(B23/B22) -> -0.0092972035 | AD23: =LN(C23/C22) -> -0.0069463694 | AH23: =IF(AA23<AG$1,1,0) -> 0 | AI23: =IF($AA23>AG$2,1,0) -> 1 | AJ23: =AK23 -> 0 | AK23: =IF(AH22,1,IF(AI22,0,AJ22)) -> 0 | AL23: =-AK23*$AC23 -> 0 | AM23: =AK23*$AD23 -> 0 | AN23: =AL23+AM23 -> 0 | AO23: =AO22+AN23 -> 0 | AS23: =IF($AA23>AR$1,1,0) -> 0 | AT23: =IF($AA23<AR$2,1,0) -> 0 | AU23: =AV22 -> 0 | AV23: =IF(AS22,1,IF(AT22,0,AU22)) -> 0 | AW23: =AV23*$AC23 -> 0 | AX23: =-AV23*$AD23 -> 0 | AY23: =AW23+AX23 -> 0 | AZ23: =AZ22+AY23 -> 0 | BB23: =AN23+AY23 -> 0 | BC23: =BC22+BB23 -> 0
A24: 46057 | B24: 53.96 | C24: 128.71 | D24: 2.3852854 | E24: 2.3831652 | F24: 2.3870508 | G24: 2.3812412 | H24: 128.59559 | I24: 128.83581 | J24: 128.41858 | K24: 0.00088926143 | L24: -0.0009769636 | M24: 0.0022667265 | N24: 0 | O24: 0 | P24: 53.96 | Q24: 128.71 | R24: 2.3852854 | S24: 2.3836499 | T24: 2.3870508 | U24: 2.3812412 | V24: 128.62175 | W24: 128.83581 | X24: 128.41858 | Y24: 0.00068588059 | Z24: -0.0009769636 | AA24: 0.0022667265 | AC24: =LN(B24/B23) -> 0.0080007869 | AD24: =LN(C24/C23) -> 0.008034678 | AH24: =IF(AA24<AG$1,1,0) -> 0 | AI24: =IF($AA24>AG$2,1,0) -> 1 | AJ24: =AK24 -> 0 | AK24: =IF(AH23,1,IF(AI23,0,AJ23)) -> 0 | AL24: =-AK24*$AC24 -> 0 | AM24: =AK24*$AD24 -> 0 | AN24: =AL24+AM24 -> 0 | AO24: =AO23+AN24 -> 0 | AS24: =IF($AA24>AR$1,1,0) -> 0 | AT24: =IF($AA24<AR$2,1,0) -> 0 | AU24: =AV23 -> 0 | AV24: =IF(AS23,1,IF(AT23,0,AU23)) -> 0 | AW24: =AV24*$AC24 -> 0 | AX24: =-AV24*$AD24 -> 0 | AY24: =AW24+AX24 -> 0 | AZ24: =AZ23+AY24 -> 0 | BB24: =AN24+AY24 -> 0 | BC24: =BC23+BB24 -> 0
A25: 46058 | B25: 53.29 | C25: 126.95 | D25: 2.3822481 | E25: 2.3831652 | F25: 2.3866396 | G25: 2.3827129 | H25: 126.99887 | I25: 127.20594 | J25: 126.89634 | K25: -0.00038490705 | L25: -0.0020140012 | M25: 0.00042274807 | N25: 0 | O25: 0 | P25: 53.29 | Q25: 126.95 | R25: 2.3822481 | S25: 2.3836499 | T25: 2.3866396 | U25: 2.3827129 | V25: 127.02471 | W25: 127.20594 | X25: 126.89634 | Y25: -0.00058828789 | Z25: -0.0020140012 | AA25: 0.00042274807 | AC25: =LN(B25/B24) -> -0.012494335 | AD25: =LN(C25/C24) -> -0.013768504 | AH25: =IF(AA25<AG$1,1,0) -> 0 | AI25: =IF($AA25>AG$2,1,0) -> 1 | AJ25: =AK25 -> 0 | AK25: =IF(AH24,1,IF(AI24,0,AJ24)) -> 0 | AL25: =-AK25*$AC25 -> 0 | AM25: =AK25*$AD25 -> 0 | AN25: =AL25+AM25 -> 0 | AO25: =AO24+AN25 -> 0 | AS25: =IF($AA25>AR$1,1,0) -> 0 | AT25: =IF($AA25<AR$2,1,0) -> 0 | AU25: =AV24 -> 0 | AV25: =IF(AS24,1,IF(AT24,0,AU24)) -> 0 | AW25: =AV25*$AC25 -> 0 | AX25: =-AV25*$AD25 -> 0 | AY25: =AW25+AX25 -> 0 | AZ25: =AZ24+AY25 -> 0 | BB25: =AN25+AY25 -> 0 | BC25: =BC24+BB25 -> 0
A26: 46059 | B26: 54.26 | C26: 129.64 | D26: 2.389237 | E26: 2.3831652 | F26: 2.3867655 | G26: 2.3842946 | H26: 129.31054 | I26: 129.49907 | J26: 129.286 | K26: 0.0025445522 | L26: 0.0010877078 | M26: 0.0027343626 | N26: 0 | O26: 0 | P26: 54.26 | Q26: 129.64 | R26: 2.389237 | S26: 2.3836499 | T26: 2.3867655 | U26: 2.3842946 | V26: 129.33685 | W26: 129.49907 | X26: 129.286 | Y26: 0.0023411713 | Z26: 0.0010877078 | AA26: 0.0027343626 | AC26: =LN(B26/B25) -> 0.018038611 | AD26: =LN(C26/C25) -> 0.02096807 | AH26: =IF(AA26<AG$1,1,0) -> 0 | AI26: =IF($AA26>AG$2,1,0) -> 1 | AJ26: =AK26 -> 0 | AK26: =IF(AH25,1,IF(AI25,0,AJ25)) -> 0 | AL26: =-AK26*$AC26 -> 0 | AM26: =AK26*$AD26 -> 0 | AN26: =AL26+AM26 -> 0 | AO26: =AO25+AN26 -> 0 | AS26: =IF($AA26>AR$1,1,0) -> 0 | AT26: =IF($AA26<AR$2,1,0) -> 0 | AU26: =AV25 -> 0 | AV26: =IF(AS25,1,IF(AT25,0,AU25)) -> 0 | AW26: =AV26*$AC26 -> 0 | AX26: =-AV26*$AD26 -> 0 | AY26: =AW26+AX26 -> 0 | AZ26: =AZ25+AY26 -> 0 | BB26: =AN26+AY26 -> 0 | BC26: =BC25+BB26 -> 0
A27: 46062 | B27: 53.94 | C27: 129.17 | D27: 2.3946978 | E27: 2.3831652 | F27: 2.3875347 | G27: 2.3859961 | H27: 128.54793 | I27: 128.74213 | J27: 128.60885 | K27: 0.0048275296 | L27: 0.0033179403 | M27: 0.0043537341 | N27: 0 | O27: 0 | P27: 53.94 | Q27: 129.17 | R27: 2.3946978 | S27: 2.3836499 | T27: 2.3875347 | U27: 2.3859961 | V27: 128.57408 | W27: 128.74213 | X27: 128.60885 | Y27: 0.0046241488 | Z27: 0.0033179403 | AA27: 0.0043537341 | AC27: =LN(B27/B26) -> -0.0059149895 | AD27: =LN(C27/C26) -> -0.003632012 | AH27: =IF(AA27<AG$1,1,0) -> 0 | AI27: =IF($AA27>AG$2,1,0) -> 1 | AJ27: =AK27 -> 0 | AK27: =IF(AH26,1,IF(AI26,0,AJ26)) -> 0 | AL27: =-AK27*$AC27 -> 0 | AM27: =AK27*$AD27 -> 0 | AN27: =AL27+AM27 -> 0 | AO27: =AO26+AN27 -> 0 | AS27: =IF($AA27>AR$1,1,0) -> 1 | AT27: =IF($AA27<AR$2,1,0) -> 0 | AU27: =AV26 -> 0 | AV27: =IF(AS26,1,IF(AT26,0,AU26)) -> 0 | AW27: =AV27*$AC27 -> 0 | AX27: =-AV27*$AD27 -> 0 | AY27: =AW27+AX27 -> 0 | AZ27: =AZ26+AY27 -> 0 | BB27: =AN27+AY27 -> 0 | BC27: =BC26+BB27 -> 0
A28: 46063 | B28: 53.55 | C28: 127.7 | D28: 2.3846872 | E28: 2.3831652 | F28: 2.3867204 | G28: 2.3867009 | H28: 127.6185 | I28: 127.85248 | J28: 127.77009 | K28: 0.00063844725 | L28: -0.0011933519 | M28: -0.00054872845 | N28: 0 | O28: 0 | P28: 53.55 | Q28: 127.7 | R28: 2.3846872 | S28: 2.3836499 | T28: 2.3867204 | U28: 2.3867009 | V28: 127.64445 | W28: 127.85248 | X28: 127.77009 | Y28: 0.00043506641 | Z28: -0.0011933519 | AA28: -0.00054872845 | AC28: =LN(B28/B27) -> -0.0072565208 | AD28: =LN(C28/C27) -> -0.011445603 | AH28: =IF(AA28<AG$1,1,0) -> 0 | AI28: =IF($AA28>AG$2,1,0) -> 1 | AJ28: =AK28 -> 0 | AK28: =IF(AH27,1,IF(AI27,0,AJ27)) -> 0 | AL28: =-AK28*$AC28 -> 0 | AM28: =AK28*$AD28 -> 0 | AN28: =AL28+AM28 -> 0 | AO28: =AO27+AN28 -> 0 | AS28: =IF($AA28>AR$1,1,0) -> 0 | AT28: =IF($AA28<AR$2,1,0) -> 1 | AU28: =AV27 -> 0 | AV28: =IF(AS27,1,IF(AT27,0,AU27)) -> 1 | AW28: =AV28*$AC28 -> -0.0072565208 | AX28: =-AV28*$AD28 -> 0.011445603 | AY28: =AW28+AX28 -> 0.0041890824 | AZ28: =AZ27+AY28 -> 0.0041890824 | BB28: =AN28+AY28 -> 0.0041890824 | BC28: =BC27+BB28 -> 0.0041890824
A29: 46064 | B29: 52.74 | C29: 125.66 | D29: 2.3826318 | E29: 2.3831652 | F29: 2.3858252 | G29: 2.3867471 | H29: 125.68813 | I29: 125.87563 | J29: 125.87461 | K29: -0.00022385284 | L29: -0.0017145316 | M29: -0.0017063706 | N29: 0 | O29: 0 | P29: 52.74 | Q29: 125.66 | R29: 2.3826318 | S29: 2.3836499 | T29: 2.3858252 | U29: 2.3867471 | V29: 125.7137 | W29: 125.87563 | X29: 125.87461 | Y29: -0.00042723368 | Z29: -0.0017145316 | AA29: -0.0017063706 | AC29: =LN(B29/B28) -> -0.015241616 | AD29: =LN(C29/C28) -> -0.016103916 | AH29: =IF(AA29<AG$1,1,0) -> 0 | AI29: =IF($AA29>AG$2,1,0) -> 1 | AJ29: =AK29 -> 0 | AK29: =IF(AH28,1,IF(AI28,0,AJ28)) -> 0 | AL29: =-AK29*$AC29 -> 0 | AM29: =AK29*$AD29 -> 0 | AN29: =AL29+AM29 -> 0 | AO29: =AO28+AN29 -> 0 | AS29: =IF($AA29>AR$1,1,0) -> 0 | AT29: =IF($AA29<AR$2,1,0) -> 1 | AU29: =AV28 -> 1 | AV29: =IF(AS28,1,IF(AT28,0,AU28)) -> 0 | AW29: =AV29*$AC29 -> 0 | AX29: =-AV29*$AD29 -> 0 | AY29: =AW29+AX29 -> 0 | AZ29: =AZ28+AY29 -> 0.0041890824 | BB29: =AN29+AY29 -> 0 | BC29: =BC28+BB29 -> 0.0041890824
A30: 46065 | B30: 51.69 | C30: 123.32 | D30: 2.3857613 | E30: 2.3831652 | F30: 2.3858953 | G30: 2.3869308 | H30: 123.18581 | I30: 123.32331 | J30: 123.37096 | K30: 0.0010887449 | L30: -2.6807416e-05 | M30: -0.00041313487 | N30: 0 | O30: 0 | P30: 51.69 | Q30: 123.32 | R30: 2.3857613 | S30: 2.3836499 | T30: 2.3858953 | U30: 2.3869308 | V30: 123.21087 | W30: 123.32331 | X30: 123.37096 | Y30: 0.00088536408 | Z30: -2.6807416e-05 | AA30: -0.00041313487 | AC30: =LN(B30/B29) -> -0.020109842 | AD30: =LN(C30/C29) -> -0.018797244 | AH30: =IF(AA30<AG$1,1,0) -> 0 | AI30: =IF($AA30>AG$2,1,0) -> 1 | AJ30: =AK30 -> 0 | AK30: =IF(AH29,1,IF(AI29,0,AJ29)) -> 0 | AL30: =-AK30*$AC30 -> 0 | AM30: =AK30*$AD30 -> 0 | AN30: =AL30+AM30 -> 0 | AO30: =AO29+AN30 -> 0 | AS30: =IF($AA30>AR$1,1,0) -> 0 | AT30: =IF($AA30<AR$2,1,0) -> 1 | AU30: =AV29 -> 0 | AV30: =IF(AS29,1,IF(AT29,0,AU29)) -> 0 | AW30: =AV30*$AC30 -> 0 | AX30: =-AV30*$AD30 -> 0 | AY30: =AW30+AX30 -> 0 | AZ30: =AZ29+AY30 -> 0.0041890824 | BB30: =AN30+AY30 -> 0 | BC30: =BC29+BB30 -> 0.0041890824
A31: 46066 | B31: 51.65 | C31: 123.83 | D31: 2.3974831 | E31: 2.3831652 | F31: 2.386684 | G31: 2.3874745 | H31: 123.09048 | I31: 123.23149 | J31: 123.28498 | K31: 0.0059899428 | L31: 0.0048450267 | M31: 0.0044110894 | N31: 0 | O31: 0 | P31: 51.65 | Q31: 123.83 | R31: 2.3974831 | S31: 2.3836499 | T31: 2.386684 | U31: 2.3874745 | V31: 123.11552 | W31: 123.23149 | X31: 123.28498 | Y31: 0.0057865619 | Z31: 0.0048450267 | AA31: 0.0044110894 | AC31: =LN(B31/B30) -> -0.00077414364 | AD31: =LN(C31/C30) -> 0.0041270542 | AH31: =IF(AA31<AG$1,1,0) -> 0 | AI31: =IF($AA31>AG$2,1,0) -> 1 | AJ31: =AK31 -> 0 | AK31: =IF(AH30,1,IF(AI30,0,AJ30)) -> 0 | AL31: =-AK31*$AC31 -> 0 | AM31: =AK31*$AD31 -> 0 | AN31: =AL31+AM31 -> 0 | AO31: =AO30+AN31 -> 0 | AS31: =IF($AA31>AR$1,1,0) -> 1 | AT31: =IF($AA31<AR$2,1,0) -> 0 | AU31: =AV30 -> 0 | AV31: =IF(AS30,1,IF(AT30,0,AU30)) -> 0 | AW31: =AV31*$AC31 -> 0 | AX31: =-AV31*$AD31 -> 0 | AY31: =AW31+AX31 -> 0 | AZ31: =AZ30+AY31 -> 0.0041890824 | BB31: =AN31+AY31 -> 0 | BC31: =BC30+BB31 -> 0.0041890824
A32: 46070 | B32: 52.2 | C32: 124.84 | D32: 2.3915709 | E32: 2.3831652 | F32: 2.3878807 | G32: 2.3878025 | H32: 124.40122 | I32: 124.58491 | J32: 124.62617 | K32: 0.0035209036 | L32: 0.0020454639 | M32: 0.0017143193 | N32: 0 | O32: 0 | P32: 52.2 | Q32: 124.84 | R32: 2.3915709 | S32: 2.3836499 | T32: 2.3878807 | U32: 2.3878025 | V32: 124.42653 | W32: 124.58491 | X32: 124.62617 | Y32: 0.0033175228 | Z32: 0.0020454639 | AA32: 0.0017143193 | AC32: =LN(B32/B31) -> 0.010592299 | AD32: =LN(C32/C31) -> 0.0081232602 | AH32: =IF(AA32<AG$1,1,0) -> 0 | AI32: =IF($AA32>AG$2,1,0) -> 1 | AJ32: =AK32 -> 0 | AK32: =IF(AH31,1,IF(AI31,0,AJ31)) -> 0 | AL32: =-AK32*$AC32 -> 0 | AM32: =AK32*$AD32 -> 0 | AN32: =AL32+AM32 -> 0 | AO32: =AO31+AN32 -> 0 | AS32: =IF($AA32>AR$1,1,0) -> 0 | AT32: =IF($AA32<AR$2,1,0) -> 0 | AU32: =AV31 -> 0 | AV32: =IF(AS31,1,IF(AT31,0,AU31)) -> 1 | AW32: =AV32*$AC32 -> 0.010592299 | AX32: =-AV32*$AD32 -> -0.0081232602 | AY32: =AW32+AX32 -> 0.0024690391 | AZ32: =AZ31+AY32 -> 0.0066581215 | BB32: =AN32+AY32 -> 0.0024690391 | BC32: =BC31+BB32 -> 0.0066581215
A33: 46071 | B33: 52.59 | C33: 125.8 | D33: 2.3920898 | E33: 2.3831652 | F33: 2.3885692 | G33: 2.388093 | H33: 125.33066 | I33: 125.57865 | J33: 125.57453 | K33: 0.0037378378 | L33: 0.0017611185 | M33: 0.0017938822 | N33: 0 | O33: 0 | P33: 52.59 | Q33: 125.8 | R33: 2.3920898 | S33: 2.3836499 | T33: 2.3885692 | U33: 2.388093 | V33: 125.35615 | W33: 125.57865 | X33: 125.57453 | Y33: 0.0035344569 | Z33: 0.0017611185 | AA33: 0.0017938822 | AC33: =LN(B33/B32) -> 0.0074434927 | AD33: =LN(C33/C32) -> 0.0076604269 | AH33: =IF(AA33<AG$1,1,0) -> 0 | AI33: =IF($AA33>AG$2,1,0) -> 1 | AJ33: =AK33 -> 0 | AK33: =IF(AH32,1,IF(AI32,0,AJ32)) -> 0 | AL33: =-AK33*$AC33 -> 0 | AM33: =AK33*$AD33 -> 0 | AN33: =AL33+AM33 -> 0 | AO33: =AO32+AN33 -> 0 | AS33: =IF($AA33>AR$1,1,0) -> 0 | AT33: =IF($AA33<AR$2,1,0) -> 0 | AU33: =AV32 -> 1 | AV33: =IF(AS32,1,IF(AT32,0,AU32)) -> 0 | AW33: =AV33*$AC33 -> 0 | AX33: =-AV33*$AD33 -> 0 | AY33: =AW33+AX33 -> 0 | AZ33: =AZ32+AY33 -> 0.0066581215 | BB33: =AN33+AY33 -> 0 | BC33: =BC32+BB33 -> 0.0066581215
A34: 46072 | B34: 52.15 | C34: 124.76 | D34: 2.3923298 | E34: 2.3831652 | F34: 2.3892737 | G34: 2.3881622 | H34: 124.28207 | I34: 124.56389 | J34: 124.53905 | K34: 0.0038381914 | L34: 0.0015731747 | M34: 0.0017725506 | N34: 0 | O34: 0 | P34: 52.15 | Q34: 124.76 | R34: 2.3923298 | S34: 2.3836499 | T34: 2.3892737 | U34: 2.3881622 | V34: 124.30734 | W34: 124.56389 | X34: 124.53905 | Y34: 0.0036348106 | Z34: 0.0015731747 | AA34: 0.0017725506 | AC34: =LN(B34/B33) -> -0.0084018062 | AD34: =LN(C34/C33) -> -0.0083014525 | AH34: =IF(AA34<AG$1,1,0) -> 0 | AI34: =IF($AA34>AG$2,1,0) -> 1 | AJ34: =AK34 -> 0 | AK34: =IF(AH33,1,IF(AI33,0,AJ33)) -> 0 | AL34: =-AK34*$AC34 -> 0 | AM34: =AK34*$AD34 -> 0 | AN34: =AL34+AM34 -> 0 | AO34: =AO33+AN34 -> 0 | AS34: =IF($AA34>AR$1,1,0) -> 0 | AT34: =IF($AA34<AR$2,1,0) -> 0 | AU34: =AV33 -> 0 | AV34: =IF(AS33,1,IF(AT33,0,AU33)) -> 1 | AW34: =AV34*$AC34 -> -0.0084018062 | AX34: =-AV34*$AD34 -> 0.0083014525 | AY34: =AW34+AX34 -> -0.00010035363 | AZ34: =AZ33+AY34 -> 0.0065577679 | BB34: =AN34+AY34 -> -0.00010035363 | BC34: =BC33+BB34 -> 0.0065577679
... A156: 46248 | B156: 58.16 | C156: 138.29 | D156: 2.377751 | E156: 2.3831652 | F156: 2.3735195 | G156: 2.3733094 | H156: 138.60489 | I156: 137.96839 | J156: 138.02432 | K156: -0.0022744226 | L156: 0.002328302 | M156: 0.0019230058 | N156: 0 | O156: 0 | P156: 58.16 | Q156: 138.29 | R156: 2.377751 | S156: 2.3836499 | T156: 2.3735195 | U156: 2.3733094 | V156: 138.63308 | W156: 137.96839 | X156: 138.02432 | Y156: -0.0024778035 | Z156: 0.002328302 | AA156: 0.0019230058 | AC156: =LN(B156/B155) -> -0.0017179183 | AD156: =LN(C156/C155) -> -0.0015895957 | AH156: =IF(AA156<AG$1,1,0) -> 0 | AI156: =IF($AA156>AG$2,1,0) -> 1 | AJ156: =AK156 -> 0 | AK156: =IF(AH155,1,IF(AI155,0,AJ155)) -> 0 | AL156: =-AK156*$AC156 -> 0 | AM156: =AK156*$AD156 -> 0 | AN156: =AL156+AM156 -> 0 | AO156: =AO155+AN156 -> 0.019435292 | AS156: =IF($AA156>AR$1,1,0) -> 0 | AT156: =IF($AA156<AR$2,1,0) -> 0 | AU156: =AV155 -> 0 | AV156: =IF(AS155,1,IF(AT155,0,AU155)) -> 0 | AW156: =AV156*$AC156 -> 0 | AX156: =-AV156*$AD156 -> 0 | AY156: =AW156+AX156 -> 0 | AZ156: =AZ155+AY156 -> 0.029060433 | BB156: =AN156+AY156 -> 0 | BC156: =BC155+BB156 -> 0.048495725

Sheet XLK_IYW
A1: date | B1: XLK | C1: IYW | D1: IYW/XLK | E1: IYW/XLK avg | F1: IYW/XLK 10 dma | G1: IYW/XLK 20 dma | H1: XLK avg | I1: XLK 10 dma | J1: XLK 20 dma | K1: avg diff | L1: 10 dma diff | M1: 20 dma diff | N1: XLK div | O1: IYW div | P1: XLK* | Q1: IYW* | R1: IYW*/XLK* | S1: IYW*/XLK* avg | T1: IYW*/XLK* 10 dma | U1: IYW*/XLK* 20 dma | V1: XLK* avg | W1: XLK* 10 dma | X1: XLK* 20 dma | Y1: avg diff* | Z1: 10 dma diff* | AA1: 20 dma diff* | AC1: =_xlfn.CONCAT(B1," rtn") -> XLK rtn | AD1: =_xlfn.CONCAT(C1," rtn") -> IYW rtn | AF1: signal | AG1: -0.003 | AH1: under | AI1: over | AJ1: yday | AK1: position | AO1: =AO156 -> 0.025961979 | AQ1: signal | AR1: 0.002 | AS1: over | AT1: under | AU1: yday | AV1: position | AZ1: =AZ156 -> 0.042207549 | BC1: =BC156 -> 0.068169528
A2: 46024 | B2: 144.3 | C2: 199.89 | D2: 1.3852391 | E2: 1.35713 | N2: 0 | O2: 0 | P2: 144.3 | Q2: 199.89 | R2: 1.3852391 | S2: 1.3571528 | AG2: 0 | AR2: 0
A3: 46027 | B3: 144.62 | C3: 200.4 | D3: 1.3857005 | E3: 1.35713 | H3: 196.26813 | K3: 0.020833611 | N3: 0 | O3: 0 | P3: 144.62 | Q3: 200.4 | R3: 1.3857005 | S3: 1.3571528 | V3: 196.27144 | Y3: 0.020816748 | AC3: =LN(B3/B2) -> 0.002215147 | AD3: =LN(C3/C2) -> 0.002548154
A4: 46028 | B4: 146.65 | C4: 202.33 | D4: 1.3796795 | E4: 1.35713 | H4: 199.02311 | K4: 0.016479087 | N4: 0 | O4: 0 | P4: 146.65 | Q4: 202.33 | R4: 1.3796795 | S4: 1.3571528 | V4: 199.02646 | Y4: 0.016462223 | AC4: =LN(B4/B3) -> 0.013939183 | AD4: =LN(C4/C3) -> 0.0095846586
A5: 46029 | B5: 146.53 | C5: 202.65 | D5: 1.3829932 | E5: 1.35713 | H5: 198.86025 | K5: 0.018878022 | N5: 0 | O5: 0 | P5: 146.53 | Q5: 202.65 | R5: 1.3829932 | S5: 1.3571528 | V5: 198.86361 | Y5: 0.018861159 | AC5: =LN(B5/B4) -> -0.00081860977 | AD5: =LN(C5/C4) -> 0.0015803253
A6: 46030 | B6: 144.24 | C6: 199.78 | D6: 1.3850527 | E6: 1.35713 | H6: 195.75243 | K6: 0.020366036 | N6: 0 | O6: 0 | P6: 144.24 | Q6: 199.78 | R6: 1.3850527 | S6: 1.3571528 | V6: 195.75573 | Y6: 0.020349173 | AC6: =LN(B6/B5) -> -0.015751607 | AD6: =LN(C6/C5) -> -0.014263592
A7: 46031 | B7: 146.15 | C7: 201.75 | D7: 1.3804311 | E7: 1.35713 | H7: 198.34454 | K7: 0.01702367 | N7: 0 | O7: 0 | P7: 146.15 | Q7: 201.75 | R7: 1.3804311 | S7: 1.3571528 | V7: 198.34789 | Y7: 0.017006807 | AC7: =LN(B7/B6) -> 0.013154913 | AD7: =LN(C7/C6) -> 0.009812546
A8: 46034 | B8: 146.79 | C8: 202.42 | D8: 1.3789768 | E8: 1.35713 | H8: 199.21311 | K8: 0.015969607 | N8: 0 | O8: 0 | P8: 146.79 | Q8: 202.42 | R8: 1.3789768 | S8: 1.3571528 | V8: 199.21647 | Y8: 0.015952744 | AC8: =LN(B8/B7) -> 0.0043695024 | AD8: =LN(C8/C7) -> 0.0033154396
A9: 46035 | B9: 146.48 | C9: 201.9 | D9: 1.3783452 | E9: 1.35713 | H9: 198.7924 | K9: 0.015511479 | N9: 0 | O9: 0 | P9: 146.48 | Q9: 201.9 | R9: 1.3783452 | S9: 1.3571528 | V9: 198.79575 | Y9: 0.015494616 | AC9: =LN(B9/B8) -> -0.0021140936 | AD9: =LN(C9/C8) -> -0.0025722214 | AN9: =AVERAGE(AN22:AN200) -> 0.00019231095 | AY9: =AVERAGE(AY22:AY200) -> 0.00031264851 | BB9: =AVERAGE(BB22:BB200) -> 0.00050495947
A10: 46036 | B10: 144.7 | C10: 199.26 | D10: 1.377056 | E10: 1.35713 | H10: 196.37671 | K10: 0.014575725 | N10: 0 | O10: 0 | P10: 144.7 | Q10: 199.26 | R10: 1.377056 | S10: 1.3571528 | V10: 196.38002 | Y10: 0.014558862 | AC10: =LN(B10/B9) -> -0.012226267 | AD10: =LN(C10/C9) -> -0.013162021 | AN10: =STDEV(AN22:AN200) -> 0.0025799532 | AY10: =STDEV(AY22:AY200) -> 0.0026969952 | BB10: =STDEV(BB22:BB200) -> 0.0037160184
A11: 46037 | B11: 145.46 | C11: 199.9 | D11: 1.374261 | E11: 1.35713 | F11: 1.3807735 | H11: 197.40812 | K11: 0.012543961 | N11: 0 | O11: 0 | P11: 145.46 | Q11: 199.9 | R11: 1.374261 | S11: 1.3571528 | T11: 1.3807735 | V11: 197.41145 | Y11: 0.012527098 | AC11: =LN(B11/B10) -> 0.0052385011 | AD11: =LN(C11/C10) -> 0.0032067369 | AN11: =SQRT(252)*AN9/AN10 -> 1.1832935 | AY11: =SQRT(252)*AY9/AY10 -> 1.8402485 | BB11: =SQRT(252)*BB9/BB10 -> 2.157143
A12: 46038 | B12: 145.62 | C12: 199.89 | D12: 1.3726823 | E12: 1.35713 | F12: 1.3795178 | H12: 197.62526 | I12: 201.06824 | K12: 0.011394581 | L12: -0.0058771179 | N12: 0 | O12: 0 | P12: 145.62 | Q12: 199.89 | R12: 1.3726823 | S12: 1.3571528 | T12: 1.3795178 | V12: 197.6286 | W12: 201.06824 | Y12: 0.011377717 | Z12: -0.0058771179 | AC12: =LN(B12/B11) -> 0.0010993542 | AD12: =LN(C12/C11) -> -5.0026264e-05
A13: 46042 | B13: 141.84 | C13: 194.71 | D13: 1.3727439 | E13: 1.35713 | F13: 1.3782222 | H13: 192.49531 | I13: 195.67081 | K13: 0.011439465 | L13: -0.0049224195 | N13: 0 | O13: 0 | P13: 141.84 | Q13: 194.71 | R13: 1.3727439 | S13: 1.3571528 | T13: 1.3782222 | V13: 192.49856 | W13: 195.67081 | Y13: 0.011422601 | Z13: -0.0049224195 | AC13: =LN(B13/B12) -> -0.026300827 | AD13: =LN(C13/C12) -> -0.026255943
A14: 46043 | B14: 143.81 | C14: 197.17 | D14: 1.3710451 | E14: 1.35713 | F14: 1.3773587 | H14: 195.16886 | I14: 198.20213 | K14: 0.010201171 | L14: -0.0052210653 | N14: 0 | O14: 0 | P14: 143.81 | Q14: 197.17 | R14: 1.3710451 | S14: 1.3571528 | T14: 1.3773587 | V14: 195.17215 | W14: 198.20213 | Y14: 0.010184308 | Z14: -0.0052210653 | AC14: =LN(B14/B13) -> 0.013793322 | AD14: =LN(C14/C13) -> 0.012555029
A15: 46044 | B15: 144.88 | C15: 198.93 | D15: 1.3730674 | E15: 1.35713 | F15: 1.3763661 | H15: 196.62099 | I15: 199.55173 | K15: 0.011675045 | L15: -0.0031205085 | N15: 0 | O15: 0 | P15: 144.88 | Q15: 198.93 | R15: 1.3730674 | S15: 1.3571528 | T15: 1.3763661 | V15: 196.6243 | W15: 199.55173 | Y15: 0.011658182 | Z15: -0.0031205085 | AC15: =LN(B15/B14) -> 0.0074128297 | AD15: =LN(C15/C14) -> 0.0088867033
A16: 46045 | B16: 145.09 | C16: 199.72 | D16: 1.3765249 | E16: 1.35713 | F16: 1.3755134 | H16: 196.90599 | I16: 199.69696 | K16: 0.01419 | L16: 0.00011535268 | N16: 0 | O16: 0 | P16: 145.09 | Q16: 199.72 | R16: 1.3765249 | S16: 1.3571528 | T16: 1.3755134 | V16: 196.90931 | W16: 199.69696 | Y16: 0.014173137 | Z16: 0.00011535268 | AC16: =LN(B16/B15) -> 0.001448426 | AD16: =LN(C16/C15) -> 0.0039633816
A17: 46048 | B17: 146.08 | C17: 201.24 | D17: 1.3776013 | E17: 1.35713 | F17: 1.3752304 | H17: 198.24954 | I17: 200.93499 | K17: 0.014971663 | L17: 0.0015167936 | N17: 0 | O17: 0 | P17: 146.08 | Q17: 201.24 | R17: 1.3776013 | S17: 1.3571528 | T17: 1.3752304 | V17: 198.25289 | W17: 200.93499 | Y17: 0.0149548 | Z17: 0.0015167936 | AC17: =LN(B17/B16) -> 0.0068001773 | AD17: =LN(C17/C16) -> 0.00758184
A18: 46049 | B18: 148.05 | C18: 203.7 | D18: 1.3758865 | E18: 1.35713 | F18: 1.3749214 | H18: 200.92309 | I18: 203.60286 | K18: 0.013726123 | L18: 0.00047699779 | N18: 0 | O18: 0 | P18: 148.05 | Q18: 203.7 | R18: 1.3758865 | S18: 1.3571528 | T18: 1.3749214 | V18: 200.92648 | W18: 203.60286 | Y18: 0.01370926 | Z18: 0.00047699779 | AC18: =LN(B18/B17) -> 0.013395638 | AD18: =LN(C18/C17) -> 0.012150098
A19: 46050 | B19: 149.23 | C19: 204.72 | D19: 1.3718421 | E19: 1.35713 | F19: 1.3742711 | H19: 202.5245 | I19: 205.17951 | K19: 0.010782306 | L19: -0.0022420863 | N19: 0 | O19: 0 | P19: 149.23 | Q19: 204.72 | R19: 1.3718421 | S19: 1.3571528 | T19: 1.3742711 | V19: 202.52792 | W19: 205.17951 | Y19: 0.010765443 | Z19: -0.0022420863 | AC19: =LN(B19/B18) -> 0.0079386854 | AD19: =LN(C19/C18) -> 0.0049948686
A20: 46051 | B20: 146.87 | C20: 201.89 | D20: 1.374617 | E20: 1.35713 | F20: 1.3740272 | H20: 199.32168 | I20: 201.83919 | K20: 0.012803007 | L20: 0.0002517022 | N20: 0 | O20: 0 | P20: 146.87 | Q20: 201.89 | R20: 1.374617 | S20: 1.3571528 | T20: 1.3740272 | V20: 199.32504 | W20: 201.83919 | Y20: 0.012786144 | Z20: 0.0002517022 | AC20: =LN(B20/B19) -> -0.015940898 | AD20: =LN(C20/C19) -> -0.013920197
A21: 46052 | B21: 143.88 | C21: 198.37 | D21: 1.3787184 | E21: 1.35713 | F21: 1.3744729 | G21: 1.3776232 | H21: 195.26386 | I21: 197.69503 | K21: 0.015782209 | L21: 0.0034083937 | N21: 0 | O21: 0 | P21: 143.88 | Q21: 198.37 | R21: 1.3787184 | S21: 1.3571528 | T21: 1.3744729 | U21: 1.3776232 | V21: 195.26715 | W21: 197.69503 | Y21: 0.015765346 | Z21: 0.0034083937 | AC21: =LN(B21/B20) -> -0.020568223 | AD21: =LN(C21/C20) -> -0.017589021 | AK21: 0 | AV21: 0
A22: 46055 | B22: 145.26 | C22: 199.62 | D22: 1.3742255 | E22: 1.35713 | F22: 1.3746272 | G22: 1.3770725 | H22: 197.1367 | I22: 199.65593 | J22: 200.11355 | K22: 0.012518173 | L22: -0.0001799944 | M22: -0.0024693744 | N22: 0 | O22: 0 | P22: 145.26 | Q22: 199.62 | R22: 1.3742255 | S22: 1.3571528 | T22: 1.3746272 | U22: 1.3770725 | V22: 197.14002 | W22: 199.65593 | X22: 200.11355 | Y22: 0.01250131 | Z22: -0.0001799944 | AA22: -0.0024693744 | AC22: =LN(B22/B21) -> 0.0095456214 | AD22: =LN(C22/C21) -> 0.0062815855 | AH22: =IF($AA22<AG$1,1,0) -> 0 | AI22: =IF($AA22>AG$2,1,0) -> 0 | AJ22: =AK21 -> 0 | AK22: =IF(AH21,1,IF(AI21,0,AJ21)) -> 0 | AL22: =-AK22*$AC22 -> 0 | AM22: =AK22*$AD22 -> 0 | AN22: =AL22+AM22 -> 0 | AO22: =AO21+AN22 -> 0 | AS22: =IF($AA22>AR$1,1,0) -> 0 | AT22: =IF($AA22<AR$2,1,0) -> 1 | AU22: =AV21 -> 0 | AV22: =IF(AS21,1,IF(AT21,0,AU21)) -> 0 | AW22: =AV22*$AC22 -> 0 | AX22: =-AV22*$AD22 -> 0 | AY22: =AW22+AX22 -> 0 | AZ22: =AZ21+AY22 -> 0 | BB22: =AN22+AY22 -> 0 | BC22: =BC21+BB22 -> 0
A23: 46056 | B23: 142.08 | C23: 194.92 | D23: 1.3719032 | E23: 1.35713 | F23: 1.3745431 | G23: 1.3763827 | H23: 192.82102 | I23: 195.30704 | J23: 195.65446 | K23: 0.010826793 | L23: -0.0019836444 | M23: -0.0037609444 | N23: 0 | O23: 0 | P23: 142.08 | Q23: 194.92 | R23: 1.3719032 | S23: 1.3571528 | T23: 1.3745431 | U23: 1.3763827 | V23: 192.82428 | W23: 195.30704 | X23: 195.65446 | Y23: 0.01080993 | Z23: -0.0019836444 | AA23: -0.0037609444 | AC23: =LN(B23/B22) -> -0.022134961 | AD23: =LN(C23/C22) -> -0.023826341 | AH23: =IF(AA23<AG$1,1,0) -> 1 | AI23: =IF($AA23>AG$2,1,0) -> 0 | AJ23: =AK23 -> 0 | AK23: =IF(AH22,1,IF(AI22,0,AJ22)) -> 0 | AL23: =-AK23*$AC23 -> 0 | AM23: =AK23*$AD23 -> 0 | AN23: =AL23+AM23 -> 0 | AO23: =AO22+AN23 -> 0 | AS23: =IF($AA23>AR$1,1,0) -> 0 | AT23: =IF($AA23<AR$2,1,0) -> 1 | AU23: =AV22 -> 0 | AV23: =IF(AS22,1,IF(AT22,0,AU22)) -> 0 | AW23: =AV23*$AC23 -> 0 | AX23: =-AV23*$AD23 -> 0 | AY23: =AW23+AX23 -> 0 | AZ23: =AZ22+AY23 -> 0 | BB23: =AN23+AY23 -> 0 | BC23: =BC22+BB23 -> 0
A24: 46057 | B24: 138.12 | C24: 190.39 | D24: 1.378439 | E24: 1.35713 | F24: 1.3752825 | G24: 1.3763206 | H24: 187.44679 | I24: 189.8519 | J24: 190.10597 | K24: 0.015579582 | L24: 0.0028303107 | M24: 0.0014929349 | N24: 0 | O24: 0 | P24: 138.12 | Q24: 190.39 | R24: 1.378439 | S24: 1.3571528 | T24: 1.3752825 | U24: 1.3763206 | V24: 187.44995 | W24: 189.8519 | X24: 190.10597 | Y24: 0.015562719 | Z24: 0.0028303107 | AA24: 0.0014929349 | AC24: =LN(B24/B23) -> -0.028267407 | AD24: =LN(C24/C23) -> -0.023514618 | AH24: =IF(AA24<AG$1,1,0) -> 0 | AI24: =IF($AA24>AG$2,1,0) -> 1 | AJ24: =AK24 -> 1 | AK24: =IF(AH23,1,IF(AI23,0,AJ23)) -> 1 | AL24: =-AK24*$AC24 -> 0.028267407 | AM24: =AK24*$AD24 -> -0.023514618 | AN24: =AL24+AM24 -> 0.0047527887 | AO24: =AO23+AN24 -> 0.0047527887 | AS24: =IF($AA24>AR$1,1,0) -> 0 | AT24: =IF($AA24<AR$2,1,0) -> 0 | AU24: =AV23 -> 0 | AV24: =IF(AS23,1,IF(AT23,0,AU23)) -> 0 | AW24: =AV24*$AC24 -> 0 | AX24: =-AV24*$AD24 -> 0 | AY24: =AW24+AX24 -> 0 | AZ24: =AZ23+AY24 -> 0 | BB24: =AN24+AY24 -> 0.0047527887 | BC24: =BC23+BB24 -> 0.0047527887
A25: 46058 | B25: 135.63 | C25: 186.75 | D25: 1.3769078 | E25: 1.35713 | F25: 1.3756666 | G25: 1.3760164 | H25: 184.06754 | I25: 186.52957 | J25: 186.67037 | K25: 0.014468088 | L25: 0.0011810443 | M25: 0.0004265052 | N25: 0 | O25: 0 | P25: 135.63 | Q25: 186.75 | R25: 1.3769078 | S25: 1.3571528 | T25: 1.3756666 | U25: 1.3760164 | V25: 184.07064 | W25: 186.52957 | X25: 186.67037 | Y25: 0.014451225 | Z25: 0.0011810443 | AA25: 0.0004265052 | AC25: =LN(B25/B24) -> -0.018192283 | AD25: =LN(C25/C24) -> -0.019303776 | AH25: =IF(AA25<AG$1,1,0) -> 0 | AI25: =IF($AA25>AG$2,1,0) -> 1 | AJ25: =AK25 -> 0 | AK25: =IF(AH24,1,IF(AI24,0,AJ24)) -> 0 | AL25: =-AK25*$AC25 -> 0 | AM25: =AK25*$AD25 -> 0 | AN25: =AL25+AM25 -> 0 | AO25: =AO24+AN25 -> 0.0047527887 | AS25: =IF($AA25>AR$1,1,0) -> 0 | AT25: =IF($AA25<AR$2,1,0) -> 0 | AU25: =AV24 -> 0 | AV25: =IF(AS24,1,IF(AT24,0,AU24)) -> 0 | AW25: =AV25*$AC25 -> 0 | AX25: =-AV25*$AD25 -> 0 | AY25: =AW25+AX25 -> 0 | AZ25: =AZ24+AY25 -> 0 | BB25: =AN25+AY25 -> 0 | BC25: =BC24+BB25 -> 0.0047527887
A26: 46059 | B26: 141.13 | C26: 193.49 | D26: 1.3710055 | E26: 1.35713 | F26: 1.3751146 | G26: 1.375314 | H26: 191.53175 | I26: 194.14782 | J26: 194.19719 | K26: 0.010172234 | L26: -0.0033940149 | M26: -0.0036482464 | N26: 0 | O26: 0 | P26: 141.13 | Q26: 193.49 | R26: 1.3710055 | S26: 1.3571528 | T26: 1.3751146 | U26: 1.375314 | V26: 191.53498 | W26: 194.14782 | X26: 194.19719 | Y26: 0.010155371 | Z26: -0.0033940149 | AA26: -0.0036482464 | AC26: =LN(B26/B25) -> 0.039750861 | AD26: =LN(C26/C25) -> 0.035455008 | AH26: =IF(AA26<AG$1,1,0) -> 1 | AI26: =IF($AA26>AG$2,1,0) -> 0 | AJ26: =AK26 -> 0 | AK26: =IF(AH25,1,IF(AI25,0,AJ25)) -> 0 | AL26: =-AK26*$AC26 -> 0 | AM26: =AK26*$AD26 -> 0 | AN26: =AL26+AM26 -> 0 | AO26: =AO25+AN26 -> 0.0047527887 | AS26: =IF($AA26>AR$1,1,0) -> 0 | AT26: =IF($AA26<AR$2,1,0) -> 1 | AU26: =AV25 -> 0 | AV26: =IF(AS25,1,IF(AT25,0,AU25)) -> 0 | AW26: =AV26*$AC26 -> 0 | AX26: =-AV26*$AD26 -> 0 | AY26: =AW26+AX26 -> 0 | AZ26: =AZ25+AY26 -> 0 | BB26: =AN26+AY26 -> 0 | BC26: =BC25+BB26 -> 0.0047527887
A27: 46062 | B27: 143.35 | C27: 196.32 | D27: 1.3695152 | E27: 1.35713 | F27: 1.374306 | G27: 1.3747682 | H27: 194.54458 | I27: 197.12268 | J27: 197.15126 | K27: 0.0090846429 | L27: -0.0040803052 | M27: -0.0042252764 | N27: 0 | O27: 0 | P27: 143.35 | Q27: 196.32 | R27: 1.3695152 | S27: 1.3571528 | T27: 1.374306 | U27: 1.3747682 | V27: 194.54786 | W27: 197.12268 | X27: 197.15126 | Y27: 0.0090677798 | Z27: -0.0040803052 | AA27: -0.0042252764 | AC27: =LN(B27/B26) -> 0.015607741 | AD27: =LN(C27/C26) -> 0.014520149 | AH27: =IF(AA27<AG$1,1,0) -> 1 | AI27: =IF($AA27>AG$2,1,0) -> 0 | AJ27: =AK27 -> 1 | AK27: =IF(AH26,1,IF(AI26,0,AJ26)) -> 1 | AL27: =-AK27*$AC27 -> -0.015607741 | AM27: =AK27*$AD27 -> 0.014520149 | AN27: =AL27+AM27 -> -0.0010875915 | AO27: =AO26+AN27 -> 0.0036651972 | AS27: =IF($AA27>AR$1,1,0) -> 0 | AT27: =IF($AA27<AR$2,1,0) -> 1 | AU27: =AV26 -> 0 | AV27: =IF(AS26,1,IF(AT26,0,AU26)) -> 0 | AW27: =AV27*$AC27 -> 0 | AX27: =-AV27*$AD27 -> 0 | AY27: =AW27+AX27 -> 0 | AZ27: =AZ26+AY27 -> 0 | BB27: =AN27+AY27 -> -0.0010875915 | BC27: =BC26+BB27 -> 0.0036651972
A28: 46063 | B28: 142.55 | C28: 195.31 | D28: 1.3701157 | E28: 1.35713 | F28: 1.3737289 | G28: 1.3743251 | H28: 193.45888 | I28: 195.90732 | J28: 195.97321 | K28: 0.0095230788 | L28: -0.0030536623 | M28: -0.0033899109 | N28: 0 | O28: 0 | P28: 142.55 | Q28: 195.31 | R28: 1.3701157 | S28: 1.3571528 | T28: 1.3737289 | U28: 1.3743251 | V28: 193.46214 | W28: 195.90732 | X28: 195.97321 | Y28: 0.0095062156 | Z28: -0.0030536623 | AA28: -0.0033899109 | AC28: =LN(B28/B27) -> -0.005596377 | AD28: =LN(C28/C27) -> -0.0051579411 | AH28: =IF(AA28<AG$1,1,0) -> 1 | AI28: =IF($AA28>AG$2,1,0) -> 0 | AJ28: =AK28 -> 1 | AK28: =IF(AH27,1,IF(AI27,0,AJ27)) -> 1 | AL28: =-AK28*$AC28 -> 0.005596377 | AM28: =AK28*$AD28 -> -0.0051579411 | AN28: =AL28+AM28 -> 0.00043843586 | AO28: =AO27+AN28 -> 0.0041036331 | AS28: =IF($AA28>AR$1,1,0) -> 0 | AT28: =IF($AA28<AR$2,1,0) -> 1 | AU28: =AV27 -> 0 | AV28: =IF(AS27,1,IF(AT27,0,AU27)) -> 0 | AW28: =AV28*$AC28 -> 0 | AX28: =-AV28*$AD28 -> 0 | AY28: =AW28+AX28 -> 0 | AZ28: =AZ27+AY28 -> 0 | BB28: =AN28+AY28 -> 0.00043843586 | BC28: =BC27+BB28 -> 0.0041036331
A29: 46064 | B29: 142.97 | C29: 195.5 | D29: 1.3674197 | E29: 1.35713 | F29: 1.3732867 | G29: 1.3737789 | H29: 194.02887 | I29: 196.40203 | J29: 196.48727 | K29: 0.0075534157 | L29: -0.0046033325 | M29: -0.0050372488 | N29: 0 | O29: 0 | P29: 142.97 | Q29: 195.5 | R29: 1.3674197 | S29: 1.3571528 | T29: 1.3732867 | U29: 1.3737789 | V29: 194.03214 | W29: 196.40203 | X29: 196.48727 | Y29: 0.0075365525 | Z29: -0.0046033325 | AA29: -0.0050372488 | AC29: =LN(B29/B28) -> 0.0029420027 | AD29: =LN(C29/C28) -> 0.00097233958 | AH29: =IF(AA29<AG$1,1,0) -> 1 | AI29: =IF($AA29>AG$2,1,0) -> 0 | AJ29: =AK29 -> 1 | AK29: =IF(AH28,1,IF(AI28,0,AJ28)) -> 1 | AL29: =-AK29*$AC29 -> -0.0029420027 | AM29: =AK29*$AD29 -> 0.00097233958 | AN29: =AL29+AM29 -> -0.0019696631 | AO29: =AO28+AN29 -> 0.00213397 | AS29: =IF($AA29>AR$1,1,0) -> 0 | AT29: =IF($AA29<AR$2,1,0) -> 1 | AU29: =AV28 -> 0 | AV29: =IF(AS28,1,IF(AT28,0,AU28)) -> 0 | AW29: =AV29*$AC29 -> 0 | AX29: =-AV29*$AD29 -> 0 | AY29: =AW29+AX29 -> 0 | AZ29: =AZ28+AY29 -> 0 | BB29: =AN29+AY29 -> -0.0019696631 | BC29: =BC28+BB29 -> 0.00213397
A30: 46065 | B30: 139.21 | C30: 190.79 | D30: 1.3705194 | E30: 1.35713 | F30: 1.3728769 | G30: 1.373452 | H30: 188.92606 | I30: 191.17524 | J30: 191.24376 | K30: 0.0098176166 | L30: -0.0020171542 | M30: -0.0023754854 | N30: 0 | O30: 0 | P30: 139.21 | Q30: 190.79 | R30: 1.3705194 | S30: 1.3571528 | T30: 1.3728769 | U30: 1.373452 | V30: 188.92925 | W30: 191.17524 | X30: 191.24376 | Y30: 0.0098007535 | Z30: -0.0020171542 | AA30: -0.0023754854 | AC30: =LN(B30/B29) -> -0.026651234 | AD30: =LN(C30/C29) -> -0.024387033 | AH30: =IF(AA30<AG$1,1,0) -> 0 | AI30: =IF($AA30>AG$2,1,0) -> 0 | AJ30: =AK30 -> 1 | AK30: =IF(AH29,1,IF(AI29,0,AJ29)) -> 1 | AL30: =-AK30*$AC30 -> 0.026651234 | AM30: =AK30*$AD30 -> -0.024387033 | AN30: =AL30+AM30 -> 0.002264201 | AO30: =AO29+AN30 -> 0.0043981709 | AS30: =IF($AA30>AR$1,1,0) -> 0 | AT30: =IF($AA30<AR$2,1,0) -> 1 | AU30: =AV29 -> 0 | AV30: =IF(AS29,1,IF(AT29,0,AU29)) -> 0 | AW30: =AV30*$AC30 -> 0 | AX30: =-AV30*$AD30 -> 0 | AY30: =AW30+AX30 -> 0 | AZ30: =AZ29+AY30 -> 0 | BB30: =AN30+AY30 -> 0.002264201 | BC30: =BC29+BB30 -> 0.0043981709
A31: 46066 | B31: 139.56 | C31: 190.54 | D31: 1.3652909 | E31: 1.35713 | F31: 1.3715342 | G31: 1.3730035 | H31: 189.40106 | I31: 191.5987 | J31: 191.67897 | K31: 0.0059953842 | L31: -0.0055409594 | M31: -0.005959783 | N31: 0 | O31: 0 | P31: 139.56 | Q31: 190.54 | R31: 1.3652909 | S31: 1.3571528 | T31: 1.3715342 | U31: 1.3730035 | V31: 189.40425 | W31: 191.5987 | X31: 191.67897 | Y31: 0.0059785211 | Z31: -0.0055409594 | AA31: -0.005959783 | AC31: =LN(B31/B30) -> 0.0025110319 | AD31: =LN(C31/C30) -> -0.0013112005 | AH31: =IF(AA31<AG$1,1,0) -> 1 | AI31: =IF($AA31>AG$2,1,0) -> 0 | AJ31: =AK31 -> 1 | AK31: =IF(AH30,1,IF(AI30,0,AJ30)) -> 1 | AL31: =-AK31*$AC31 -> -0.0025110319 | AM31: =AK31*$AD31 -> -0.0013112005 | AN31: =AL31+AM31 -> -0.0038222324 | AO31: =AO30+AN31 -> 0.00057593855 | AS31: =IF($AA31>AR$1,1,0) -> 0 | AT31: =IF($AA31<AR$2,1,0) -> 1 | AU31: =AV30 -> 0 | AV31: =IF(AS30,1,IF(AT30,0,AU30)) -> 0 | AW31: =AV31*$AC31 -> 0 | AX31: =-AV31*$AD31 -> 0 | AY31: =AW31+AX31 -> 0 | AZ31: =AZ30+AY31 -> 0 | BB31: =AN31+AY31 -> -0.0038222324 | BC31: =BC30+BB31 -> 0.00057593855
A32: 46070 | B32: 139.48 | C32: 190.48 | D32: 1.3656438 | E32: 1.35713 | F32: 1.370676 | G32: 1.3726516 | H32: 189.29249 | I32: 191.30159 | J32: 191.50653 | K32: 0.0062538347 | L32: -0.0043039775 | M32: -0.005374728 | N32: 0 | O32: 0 | P32: 139.48 | Q32: 190.48 | R32: 1.3656438 | S32: 1.3571528 | T32: 1.370676 | U32: 1.3726516 | V32: 189.29568 | W32: 191.30159 | X32: 191.50653 | Y32: 0.0062369715 | Z32: -0.0043039775 | AA32: -0.005374728 | AC32: =LN(B32/B31) -> -0.00057339451 | AD32: =LN(C32/C31) -> -0.0003149441 | AH32: =IF(AA32<AG$1,1,0) -> 1 | AI32: =IF($AA32>AG$2,1,0) -> 0 | AJ32: =AK32 -> 1 | AK32: =IF(AH31,1,IF(AI31,0,AJ31)) -> 1 | AL32: =-AK32*$AC32 -> 0.00057339451 | AM32: =AK32*$AD32 -> -0.0003149441 | AN32: =AL32+AM32 -> 0.00025845041 | AO32: =AO31+AN32 -> 0.00083438897 | AS32: =IF($AA32>AR$1,1,0) -> 0 | AT32: =IF($AA32<AR$2,1,0) -> 1 | AU32: =AV31 -> 0 | AV32: =IF(AS31,1,IF(AT31,0,AU31)) -> 0 | AW32: =AV32*$AC32 -> 0 | AX32: =-AV32*$AD32 -> 0 | AY32: =AW32+AX32 -> 0 | AZ32: =AZ31+AY32 -> 0 | BB32: =AN32+AY32 -> 0.00025845041 | BC32: =BC31+BB32 -> 0.00083438897
A33: 46071 | B33: 140.91 | C33: 192.48 | D33: 1.3659783 | E33: 1.35713 | F33: 1.3700835 | G33: 1.3723133 | H33: 191.23318 | I33: 193.14196 | J33: 193.42034 | K33: 0.0064987178 | L33: -0.0034331973 | M33: -0.0048734942 | N33: 0 | O33: 0 | P33: 140.91 | Q33: 192.48 | R33: 1.3659783 | S33: 1.3571528 | T33: 1.3700835 | U33: 1.3723133 | V33: 191.23641 | W33: 193.14196 | X33: 193.42034 | Y33: 0.0064818546 | Z33: -0.0034331973 | AA33: -0.0048734942 | AC33: =LN(B33/B32) -> 0.010200167 | AD33: =LN(C33/C32) -> 0.01044505 | AH33: =IF(AA33<AG$1,1,0) -> 1 | AI33: =IF($AA33>AG$2,1,0) -> 0 | AJ33: =AK33 -> 1 | AK33: =IF(AH32,1,IF(AI32,0,AJ32)) -> 1 | AL33: =-AK33*$AC33 -> -0.010200167 | AM33: =AK33*$AD33 -> 0.01044505 | AN33: =AL33+AM33 -> 0.00024488315 | AO33: =AO32+AN33 -> 0.0010792721 | AS33: =IF($AA33>AR$1,1,0) -> 0 | AT33: =IF($AA33<AR$2,1,0) -> 1 | AU33: =AV32 -> 0 | AV33: =IF(AS32,1,IF(AT32,0,AU32)) -> 0 | AW33: =AV33*$AC33 -> 0 | AX33: =-AV33*$AD33 -> 0 | AY33: =AW33+AX33 -> 0 | AZ33: =AZ32+AY33 -> 0 | BB33: =AN33+AY33 -> 0.00024488315 | BC33: =BC32+BB33 -> 0.0010792721
A34: 46072 | B34: 140.21 | C34: 191.64 | D34: 1.3668069 | E34: 1.35713 | F34: 1.3689203 | G34: 1.3721014 | H34: 190.28319 | I34: 192.09941 | J34: 192.41205 | K34: 0.0071051676 | L34: -0.0023943952 | M34: -0.0040205694 | N34: 0 | O34: 0 | P34: 140.21 | Q34: 191.64 | R34: 1.3668069 | S34: 1.3571528 | T34: 1.3689203 | U34: 1.3721014 | V34: 190.2864 | W34: 192.09941 | X34: 192.41205 | Y34: 0.0070883044 | Z34: -0.0023943952 | AA34: -0.0040205694 | AC34: =LN(B34/B33) -> -0.00498009 | AD34: =LN(C34/C33) -> -0.0043736402 | AH34: =IF(AA34<AG$1,1,0) -> 1 | AI34: =IF($AA34>AG$2,1,0) -> 0 | AJ34: =AK34 -> 1 | AK34: =IF(AH33,1,IF(AI33,0,AJ33)) -> 1 | AL34: =-AK34*$AC34 -> 0.00498009 | AM34: =AK34*$AD34 -> -0.0043736402 | AN34: =AL34+AM34 -> 0.00060644976 | AO34: =AO33+AN34 -> 0.0016857219 | AS34: =IF($AA34>AR$1,1,0) -> 0 | AT34: =IF($AA34<AR$2,1,0) -> 1 | AU34: =AV33 -> 0 | AV34: =IF(AS33,1,IF(AT33,0,AU33)) -> 0 | AW34: =AV34*$AC34 -> 0 | AX34: =-AV34*$AD34 -> 0 | AY34: =AW34+AX34 -> 0 | AZ34: =AZ33+AY34 -> 0 | BB34: =AN34+AY34 -> 0.00060644976 | BC34: =BC33+BB34 -> 0.0016857219
... A156: 46248 | B156: 190.01 | C156: 255.5 | D156: 1.3446661 | E156: 1.35713 | F156: 1.3513729 | G156: 1.3518339 | H156: 257.86826 | I156: 257.01847 | J156: 257.03132 | K156: -0.0092264384 | L156: -0.0059255539 | M156: -0.0059755524 | N156: 0 | O156: 0 | P156: 190.01 | Q156: 255.5 | R156: 1.3446661 | S156: 1.3571528 | T156: 1.3513729 | U156: 1.3518339 | V156: 257.87261 | W156: 257.01847 | X156: 257.03132 | Y156: -0.0092433016 | Z156: -0.0059255539 | AA156: -0.0059755524 | AC156: =LN(B156/B155) -> -0.0039918116 | AD156: =LN(C156/C155) -> -0.0042570706 | AH156: =IF(AA156<AG$1,1,0) -> 1 | AI156: =IF($AA156>AG$2,1,0) -> 0 | AJ156: =AK156 -> 1 | AK156: =IF(AH155,1,IF(AI155,0,AJ155)) -> 1 | AL156: =-AK156*$AC156 -> 0.0039918116 | AM156: =AK156*$AD156 -> -0.0042570706 | AN156: =AL156+AM156 -> -0.00026525902 | AO156: =AO155+AN156 -> 0.025961979 | AS156: =IF($AA156>AR$1,1,0) -> 0 | AT156: =IF($AA156<AR$2,1,0) -> 1 | AU156: =AV155 -> 0 | AV156: =IF(AS155,1,IF(AT155,0,AU155)) -> 0 | AW156: =AV156*$AC156 -> 0 | AX156: =-AV156*$AD156 -> 0 | AY156: =AW156+AX156 -> 0 | AZ156: =AZ155+AY156 -> 0.042207549 | BB156: =AN156+AY156 -> -0.00026525902 | BC156: =BC155+BB156 -> 0.068169528

Sheet XLU_IDU
A1: date | B1: XLU | C1: IDU | D1: IDU/XLU | E1: IDU/XLU avg | F1: IDU/XLU 10 dma | G1: IDU/XLU 20 dma | H1: XLU avg | I1: XLU 10 dma | J1: XLU 20 dma | K1: avg diff | L1: 10 dma diff | M1: 20 dma diff | N1: XLU div | O1: IDU div | P1: XLU* | Q1: IDU* | R1: IDU*/XLU* | S1: IDU*/XLU* avg | T1: IDU*/XLU* 10 dma | U1: IDU*/XLU* 20 dma | V1: XLU* avg | W1: XLU* 10 dma | X1: XLU* 20 dma | Y1: avg diff* | Z1: 10 dma diff* | AA1: 20 dma diff* | AC1: =_xlfn.CONCAT(B1," rtn") -> XLU rtn | AD1: =_xlfn.CONCAT(C1," rtn") -> IDU rtn | AF1: signal | AG1: -0.001 | AH1: under | AI1: over | AJ1: yday | AK1: position | AO1: =AO156 -> 0.0097207111 | AQ1: signal | AR1: 0.001 | AS1: over | AT1: under | AU1: yday | AV1: position | AZ1: =AZ156 -> 0.011251958 | BC1: =BC156 -> 0.02097267
A2: 46024 | B2: 43.18 | C2: 109.52 | D2: 2.5363594 | E2: 2.5320126 | N2: 0 | O2: 0 | P2: 43.18 | Q2: 109.52 | R2: 2.5363594 | S2: 2.5327236 | AG2: 0 | AR2: 0
A3: 46027 | B3: 42.7 | C3: 108.41 | D3: 2.5388759 | E3: 2.5320126 | H3: 108.11694 | K3: 0.0027069502 | N3: 0 | O3: 0 | P3: 42.7 | Q3: 108.41 | R3: 2.5388759 | S3: 2.5327236 | V3: 108.1473 | Y3: 0.0024261707 | AC3: =LN(B3/B2) -> -0.011178505 | AD3: =LN(C3/C2) -> -0.010186845
A4: 46028 | B4: 42.91 | C4: 108.86 | D4: 2.5369378 | E4: 2.5320126 | H4: 108.64866 | K4: 0.0019432888 | N4: 0 | O4: 0 | P4: 42.91 | Q4: 108.86 | R4: 2.5369378 | S4: 2.5327236 | V4: 108.67917 | Y4: 0.0016625093 | AC4: =LN(B4/B3) -> 0.0049059788 | AD4: =LN(C4/C3) -> 0.0041423173
A5: 46029 | B5: 41.87 | C5: 106.3 | D5: 2.5388106 | E5: 2.5320126 | H5: 106.01537 | K5: 0.0026812401 | N5: 0 | O5: 0 | P5: 41.87 | Q5: 106.3 | R5: 2.5388106 | S5: 2.5327236 | V5: 106.04514 | Y5: 0.0024004606 | AC5: =LN(B5/B4) -> -0.024535319 | AD5: =LN(C5/C4) -> -0.023797368
A6: 46030 | B6: 41.99 | C6: 106.66 | D6: 2.5401286 | E6: 2.5320126 | H6: 106.31921 | K6: 0.0032002453 | N6: 0 | O6: 0 | P6: 41.99 | Q6: 106.66 | R6: 2.5401286 | S6: 2.5327236 | V6: 106.34906 | Y6: 0.0029194657 | AC6: =LN(B6/B5) -> 0.0028619147 | AD6: =LN(C6/C5) -> 0.0033809198
A7: 46031 | B7: 42.51 | C7: 107.99 | D7: 2.5403434 | E7: 2.5320126 | H7: 107.63585 | K7: 0.0032848227 | N7: 0 | O7: 0 | P7: 42.51 | Q7: 107.99 | R7: 2.5403434 | S7: 2.5327236 | V7: 107.66608 | Y7: 0.0030040431 | AC7: =LN(B7/B6) -> 0.012307848 | AD7: =LN(C7/C6) -> 0.012392425
A8: 46034 | B8: 42.58 | C8: 108.07 | D8: 2.538046 | E8: 2.5320126 | H8: 107.81309 | K8: 0.0023800406 | N8: 0 | O8: 0 | P8: 42.58 | Q8: 108.07 | R8: 2.538046 | S8: 2.5327236 | V8: 107.84337 | Y8: 0.0020992611 | AC8: =LN(B8/B7) -> 0.0016453171 | AD8: =LN(C8/C7) -> 0.00074053507
A9: 46035 | B9: 42.85 | C9: 108.72 | D9: 2.5372229 | E9: 2.5320126 | H9: 108.49674 | K9: 0.0020556596 | N9: 0 | O9: 0 | P9: 42.85 | Q9: 108.72 | R9: 2.5372229 | S9: 2.5327236 | V9: 108.52721 | Y9: 0.00177488 | AC9: =LN(B9/B8) -> 0.0063209856 | AD9: =LN(C9/C8) -> 0.0059966045 | AN9: =AVERAGE(AN22:AN200) -> 7.2005267e-05 | AY9: =AVERAGE(AY22:AY200) -> 8.334784e-05 | BB9: =AVERAGE(BB22:BB200) -> 0.00015535311
A10: 46036 | B10: 43.17 | C10: 109.47 | D10: 2.5357887 | E10: 2.5320126 | H10: 109.30698 | K10: 0.0014902643 | N10: 0 | O10: 0 | P10: 43.17 | Q10: 109.47 | R10: 2.5357887 | S10: 2.5327236 | V10: 109.33768 | Y10: 0.0012094848 | AC10: =LN(B10/B9) -> 0.0074401645 | AD10: =LN(C10/C9) -> 0.0068747693 | AN10: =STDEV(AN22:AN200) -> 0.00080038658 | AY10: =STDEV(AY22:AY200) -> 0.00073879867 | BB10: =STDEV(BB22:BB200) -> 0.0010836741
A11: 46037 | B11: 43.61 | C11: 110.72 | D11: 2.5388672 | E11: 2.5320126 | F11: 2.5381381 | H11: 110.42107 | K11: 0.0027035448 | N11: 0 | O11: 0 | P11: 43.61 | Q11: 110.72 | R11: 2.5388672 | S11: 2.5327236 | T11: 2.5381381 | V11: 110.45208 | Y11: 0.0024227653 | AC11: =LN(B11/B10) -> 0.010140672 | AD11: =LN(C11/C10) -> 0.011353953 | AN11: =SQRT(252)*AN9/AN10 -> 1.4281201 | AY11: =SQRT(252)*AY9/AY10 -> 1.7908884 | BB11: =SQRT(252)*BB9/BB10 -> 2.2757341
A12: 46038 | B12: 43.39 | C12: 110.09 | D12: 2.5372206 | E12: 2.5320126 | F12: 2.5382242 | H12: 109.86403 | I12: 110.12981 | K12: 0.0020547481 | L12: -0.00036155216 | N12: 0 | O12: 0 | P12: 43.39 | Q12: 110.09 | R12: 2.5372206 | S12: 2.5327236 | T12: 2.5382242 | V12: 109.89488 | W12: 110.12981 | Y12: 0.0017739685 | Z12: -0.00036155216 | AC12: =LN(B12/B11) -> -0.005057482 | AD12: =LN(C12/C11) -> -0.0057062788
A13: 46042 | B13: 42.96 | C13: 108.99 | D13: 2.5370112 | E13: 2.5320126 | F13: 2.5380377 | H13: 108.77526 | I13: 109.04211 | K13: 0.0019722195 | L13: -0.00047800786 | N13: 0 | O13: 0 | P13: 42.96 | Q13: 108.99 | R13: 2.5370112 | S13: 2.5327236 | T13: 2.5380377 | V13: 108.80581 | W13: 109.04211 | Y13: 0.00169144 | Z13: -0.00047800786 | AC13: =LN(B13/B12) -> -0.0099595496 | AD13: =LN(C13/C12) -> -0.010042078
A14: 46043 | B14: 43.02 | C14: 109.45 | D14: 2.5441655 | E14: 2.5320126 | F14: 2.5387605 | H14: 108.92718 | I14: 109.18638 | K14: 0.0047882349 | L14: 0.0024114752 | N14: 0 | O14: 0 | P14: 43.02 | Q14: 109.45 | R14: 2.5441655 | S14: 2.5327236 | T14: 2.5387605 | V14: 108.95777 | W14: 109.18638 | Y14: 0.0045074554 | Z14: 0.0024114752 | AC14: =LN(B14/B13) -> 0.0013956736 | AD14: =LN(C14/C13) -> 0.0042116891
A15: 46044 | B15: 42.71 | C15: 108.88 | D15: 2.5492859 | E15: 2.5320126 | F15: 2.539808 | H15: 108.14226 | I15: 108.43046 | K15: 0.0067988083 | L15: 0.0041373129 | N15: 0 | O15: 0 | P15: 42.71 | Q15: 108.88 | R15: 2.5492859 | S15: 2.5327236 | T15: 2.539808 | V15: 108.17262 | W15: 108.43046 | Y15: 0.0065180287 | Z15: 0.0041373129 | AC15: =LN(B15/B14) -> -0.007232039 | AD15: =LN(C15/C14) -> -0.0052214656
A16: 46045 | B16: 42.56 | C16: 108.5 | D16: 2.5493421 | E16: 2.5320126 | F16: 2.5407294 | H16: 107.76245 | I16: 108.09423 | K16: 0.0068208627 | L16: 0.0037468386 | N16: 0 | O16: 0 | P16: 42.56 | Q16: 108.5 | R16: 2.5493421 | S16: 2.5327236 | T16: 2.5407294 | V16: 107.79272 | W16: 108.09423 | Y16: 0.0065400832 | Z16: 0.0037468386 | AC16: =LN(B16/B15) -> -0.0035182398 | AD16: =LN(C16/C15) -> -0.0034961854
A17: 46048 | B17: 42.87 | C17: 109.26 | D17: 2.5486354 | E17: 2.5320126 | F17: 2.5415586 | H17: 108.54738 | I17: 108.92107 | K17: 0.0065436171 | L17: 0.003106895 | N17: 0 | O17: 0 | P17: 42.87 | Q17: 109.26 | R17: 2.5486354 | S17: 2.5327236 | T17: 2.5415586 | V17: 108.57786 | W17: 108.92107 | Y17: 0.0062628376 | Z17: 0.003106895 | AC17: =LN(B17/B16) -> 0.0072574356 | AD17: =LN(C17/C16) -> 0.00698019
A18: 46049 | B18: 43.43 | C18: 110.5 | D18: 2.5443242 | E18: 2.5320126 | F18: 2.5421864 | H18: 109.96531 | I18: 110.37989 | K18: 0.0048506092 | L18: 0.0010875789 | N18: 0 | O18: 0 | P18: 43.43 | Q18: 110.5 | R18: 2.5443242 | S18: 2.5327236 | T18: 2.5421864 | V18: 109.99619 | W18: 110.37989 | Y18: 0.0045698297 | Z18: 0.0010875789 | AC18: =LN(B18/B17) -> 0.012978166 | AD18: =LN(C18/C17) -> 0.011285158
A19: 46050 | B19: 43.33 | C19: 110.31 | D19: 2.5458112 | E19: 2.5320126 | F19: 2.5430452 | H19: 109.7121 | I19: 110.15294 | K19: 0.005434883 | L19: 0.0014248628 | N19: 0 | O19: 0 | P19: 43.33 | Q19: 110.31 | R19: 2.5458112 | S19: 2.5327236 | T19: 2.5430452 | V19: 109.74291 | W19: 110.15294 | Y19: 0.0051541035 | Z19: 0.0014248628 | AC19: =LN(B19/B18) -> -0.0023052108 | AD19: =LN(C19/C18) -> -0.001720937
A20: 46051 | B20: 43.33 | C20: 110 | D20: 2.5386568 | E20: 2.5320126 | F20: 2.543332 | H20: 109.7121 | I20: 110.19015 | K20: 0.0026206648 | L20: -0.0017271314 | N20: 0 | O20: 0 | P20: 43.33 | Q20: 110 | R20: 2.5386568 | S20: 2.5327236 | T20: 2.543332 | V20: 109.74291 | W20: 110.19015 | Y20: 0.0023398853 | Z20: -0.0017271314 | AC20: =LN(B20/B19) -> 0 | AD20: =LN(C20/C19) -> -0.0028142182
A21: 46052 | B21: 43.25 | C21: 109.81 | D21: 2.5389595 | E21: 2.5320126 | F21: 2.5433412 | G21: 2.5407397 | H21: 109.50954 | I21: 109.99911 | K21: 0.002739901 | L21: -0.0017206701 | N21: 0 | O21: 0 | P21: 43.25 | Q21: 109.81 | R21: 2.5389595 | S21: 2.5327236 | T21: 2.5433412 | U21: 2.5407397 | V21: 109.5403 | W21: 109.99911 | Y21: 0.0024591215 | Z21: -0.0017206701 | AC21: =LN(B21/B20) -> -0.0018480024 | AD21: =LN(C21/C20) -> -0.0017287662 | AK21: 0 | AV21: 0
A22: 46055 | B22: 42.62 | C22: 108.38 | D22: 2.5429376 | E22: 2.5320126 | F22: 2.5439129 | G22: 2.5410686 | H22: 107.91438 | I22: 108.3972 | J22: 108.28632 | K22: 0.0043054783 | L22: -0.00015872213 | M22: 0.00086470372 | N22: 0 | O22: 0 | P22: 42.62 | Q22: 108.38 | R22: 2.5429376 | S22: 2.5327236 | T22: 2.5439129 | U22: 2.5410686 | V22: 107.94468 | W22: 108.3972 | X22: 108.28632 | Y22: 0.0040246987 | Z22: -0.00015872213 | AA22: 0.00086470372 | AC22: =LN(B22/B21) -> -0.014673607 | AD22: =LN(C22/C21) -> -0.013108029 | AH22: =IF($AA22<AG$1,1,0) -> 0 | AI22: =IF($AA22>AG$2,1,0) -> 1 | AJ22: =AK21 -> 0 | AK22: =IF(AH21,1,IF(AI21,0,AJ21)) -> 0 | AL22: =-AK22*$AC22 -> 0 | AM22: =AK22*$AD22 -> 0 | AN22: =AL22+AM22 -> 0 | AO22: =AO21+AN22 -> 0 | AS22: =IF($AA22>AR$1,1,0) -> 0 | AT22: =IF($AA22<AR$2,1,0) -> 0 | AU22: =AV21 -> 0 | AV22: =IF(AS21,1,IF(AT21,0,AU21)) -> 0 | AW22: =AV22*$AC22 -> 0 | AX22: =-AV22*$AD22 -> 0 | AY22: =AW22+AX22 -> 0 | AZ22: =AZ21+AY22 -> 0 | BB22: =AN22+AY22 -> 0 | BC22: =BC21+BB22 -> 0
A23: 46056 | B23: 43.24 | C23: 109.89 | D23: 2.5413969 | E23: 2.5320126 | F23: 2.5443515 | G23: 2.5411946 | H23: 109.48422 | I23: 109.9988 | J23: 109.8758 | K23: 0.0036994075 | L23: -0.00098955189 | M23: 0.00012918763 | N23: 0 | O23: 0 | P23: 43.24 | Q23: 109.89 | R23: 2.5413969 | S23: 2.5327236 | T23: 2.5443515 | U23: 2.5411946 | V23: 109.51497 | W23: 109.9988 | X23: 109.8758 | Y23: 0.0034186279 | Z23: -0.00098955189 | AA23: 0.00012918763 | AC23: =LN(B23/B22) -> 0.014442366 | AD23: =LN(C23/C22) -> 0.013836295 | AH23: =IF(AA23<AG$1,1,0) -> 0 | AI23: =IF($AA23>AG$2,1,0) -> 1 | AJ23: =AK23 -> 0 | AK23: =IF(AH22,1,IF(AI22,0,AJ22)) -> 0 | AL23: =-AK23*$AC23 -> 0 | AM23: =AK23*$AD23 -> 0 | AN23: =AL23+AM23 -> 0 | AO23: =AO22+AN23 -> 0 | AS23: =IF($AA23>AR$1,1,0) -> 0 | AT23: =IF($AA23<AR$2,1,0) -> 0 | AU23: =AV22 -> 0 | AV23: =IF(AS22,1,IF(AT22,0,AU22)) -> 0 | AW23: =AV23*$AC23 -> 0 | AX23: =-AV23*$AD23 -> 0 | AY23: =AW23+AX23 -> 0 | AZ23: =AZ22+AY23 -> 0 | BB23: =AN23+AY23 -> 0 | BC23: =BC22+BB23 -> 0
A24: 46057 | B24: 43.08 | C24: 109.42 | D24: 2.5399257 | E24: 2.5320126 | F24: 2.5439275 | G24: 2.541344 | H24: 109.0791 | I24: 109.61066 | J24: 109.47466 | K24: 0.0031203711 | L24: -0.0017409724 | M24: -0.00049945214 | N24: 0 | O24: 0 | P24: 43.08 | Q24: 109.42 | R24: 2.5399257 | S24: 2.5327236 | T24: 2.5439275 | U24: 2.541344 | V24: 109.10973 | W24: 109.61066 | X24: 109.47466 | Y24: 0.0028395916 | Z24: -0.0017409724 | AA24: -0.00049945214 | AC24: =LN(B24/B23) -> -0.0037071405 | AD24: =LN(C24/C23) -> -0.0042861768 | AH24: =IF(AA24<AG$1,1,0) -> 0 | AI24: =IF($AA24>AG$2,1,0) -> 0 | AJ24: =AK24 -> 0 | AK24: =IF(AH23,1,IF(AI23,0,AJ23)) -> 0 | AL24: =-AK24*$AC24 -> 0 | AM24: =AK24*$AD24 -> 0 | AN24: =AL24+AM24 -> 0 | AO24: =AO23+AN24 -> 0 | AS24: =IF($AA24>AR$1,1,0) -> 0 | AT24: =IF($AA24<AR$2,1,0) -> 1 | AU24: =AV23 -> 0 | AV24: =IF(AS23,1,IF(AT23,0,AU23)) -> 0 | AW24: =AV24*$AC24 -> 0 | AX24: =-AV24*$AD24 -> 0 | AY24: =AW24+AX24 -> 0 | AZ24: =AZ23+AY24 -> 0 | BB24: =AN24+AY24 -> 0 | BC24: =BC23+BB24 -> 0
A25: 46058 | B25: 43.1 | C25: 109.61 | D25: 2.5431555 | E25: 2.5320126 | F25: 2.5433145 | G25: 2.5415612 | H25: 109.12974 | I25: 109.64328 | J25: 109.53193 | K25: 0.0043911489 | L25: -0.00030354557 | M25: 0.00071253724 | N25: 0 | O25: 0 | P25: 43.1 | Q25: 109.61 | R25: 2.5431555 | S25: 2.5327236 | T25: 2.5433145 | U25: 2.5415612 | V25: 109.16039 | W25: 109.64328 | X25: 109.53193 | Y25: 0.0041103694 | Z25: -0.00030354557 | AA25: 0.00071253724 | AC25: =LN(B25/B24) -> 0.00046414482 | AD25: =LN(C25/C24) -> 0.0017349226 | AH25: =IF(AA25<AG$1,1,0) -> 0 | AI25: =IF($AA25>AG$2,1,0) -> 1 | AJ25: =AK25 -> 0 | AK25: =IF(AH24,1,IF(AI24,0,AJ24)) -> 0 | AL25: =-AK25*$AC25 -> 0 | AM25: =AK25*$AD25 -> 0 | AN25: =AL25+AM25 -> 0 | AO25: =AO24+AN25 -> 0 | AS25: =IF($AA25>AR$1,1,0) -> 0 | AT25: =IF($AA25<AR$2,1,0) -> 0 | AU25: =AV24 -> 0 | AV25: =IF(AS24,1,IF(AT24,0,AU24)) -> 0 | AW25: =AV25*$AC25 -> 0 | AX25: =-AV25*$AD25 -> 0 | AY25: =AW25+AX25 -> 0 | AZ25: =AZ24+AY25 -> 0 | BB25: =AN25+AY25 -> 0 | BC25: =BC24+BB25 -> 0
A26: 46059 | B26: 43.35 | C26: 110.24 | D26: 2.5430219 | E26: 2.5320126 | F26: 2.5426825 | G26: 2.5417059 | H26: 109.76274 | I26: 110.25268 | J26: 110.17668 | K26: 0.0043386388 | L26: -0.00011504376 | M26: 0.00057454754 | N26: 0 | O26: 0 | P26: 43.35 | Q26: 110.24 | R26: 2.5430219 | S26: 2.5327236 | T26: 2.5426825 | U26: 2.5417059 | V26: 109.79357 | W26: 110.25268 | X26: 110.17668 | Y26: 0.0040578593 | Z26: -0.00011504376 | AA26: 0.00057454754 | AC26: =LN(B26/B25) -> 0.0057837061 | AD26: =LN(C26/C25) -> 0.005731196 | AH26: =IF(AA26<AG$1,1,0) -> 0 | AI26: =IF($AA26>AG$2,1,0) -> 1 | AJ26: =AK26 -> 0 | AK26: =IF(AH25,1,IF(AI25,0,AJ25)) -> 0 | AL26: =-AK26*$AC26 -> 0 | AM26: =AK26*$AD26 -> 0 | AN26: =AL26+AM26 -> 0 | AO26: =AO25+AN26 -> 0 | AS26: =IF($AA26>AR$1,1,0) -> 0 | AT26: =IF($AA26<AR$2,1,0) -> 0 | AU26: =AV25 -> 0 | AV26: =IF(AS25,1,IF(AT25,0,AU25)) -> 0 | AW26: =AV26*$AC26 -> 0 | AX26: =-AV26*$AD26 -> 0 | AY26: =AW26+AX26 -> 0 | AZ26: =AZ25+AY26 -> 0 | BB26: =AN26+AY26 -> 0 | BC26: =BC25+BB26 -> 0
A27: 46062 | B27: 43.48 | C27: 110.72 | D27: 2.5464581 | E27: 2.5320126 | F27: 2.5424647 | G27: 2.5420116 | H27: 110.09191 | I27: 110.55583 | J27: 110.51337 | K27: 0.0056889644 | L27: 0.0014838148 | M27: 0.0018679548 | N27: 0 | O27: 0 | P27: 43.48 | Q27: 110.72 | R27: 2.5464581 | S27: 2.5327236 | T27: 2.5424647 | U27: 2.5420116 | V27: 110.12282 | W27: 110.55583 | X27: 110.51337 | Y27: 0.0054081849 | Z27: 0.0014838148 | AA27: 0.0018679548 | AC27: =LN(B27/B26) -> 0.002994359 | AD27: =LN(C27/C26) -> 0.0043446846 | AH27: =IF(AA27<AG$1,1,0) -> 0 | AI27: =IF($AA27>AG$2,1,0) -> 1 | AJ27: =AK27 -> 0 | AK27: =IF(AH26,1,IF(AI26,0,AJ26)) -> 0 | AL27: =-AK27*$AC27 -> 0 | AM27: =AK27*$AD27 -> 0 | AN27: =AL27+AM27 -> 0 | AO27: =AO26+AN27 -> 0 | AS27: =IF($AA27>AR$1,1,0) -> 1 | AT27: =IF($AA27<AR$2,1,0) -> 0 | AU27: =AV26 -> 0 | AV27: =IF(AS26,1,IF(AT26,0,AU26)) -> 0 | AW27: =AV27*$AC27 -> 0 | AX27: =-AV27*$AD27 -> 0 | AY27: =AW27+AX27 -> 0 | AZ27: =AZ26+AY27 -> 0 | BB27: =AN27+AY27 -> 0 | BC27: =BC26+BB27 -> 0
A28: 46063 | B28: 44.2 | C28: 112.4 | D28: 2.5429864 | E28: 2.5320126 | F28: 2.542331 | G28: 2.5422587 | H28: 111.91496 | I28: 112.37694 | J28: 112.35691 | K28: 0.0043246832 | L28: 0.00020516602 | M28: 0.00038339356 | N28: 0 | O28: 0 | P28: 44.2 | Q28: 112.4 | R28: 2.5429864 | S28: 2.5327236 | T28: 2.542331 | U28: 2.5422587 | V28: 111.94638 | W28: 112.37694 | X28: 112.35691 | Y28: 0.0040439036 | Z28: 0.00020516602 | AA28: 0.00038339356 | AC28: =LN(B28/B27) -> 0.016423727 | AD28: =LN(C28/C27) -> 0.015059446 | AH28: =IF(AA28<AG$1,1,0) -> 0 | AI28: =IF($AA28>AG$2,1,0) -> 1 | AJ28: =AK28 -> 0 | AK28: =IF(AH27,1,IF(AI27,0,AJ27)) -> 0 | AL28: =-AK28*$AC28 -> 0 | AM28: =AK28*$AD28 -> 0 | AN28: =AL28+AM28 -> 0 | AO28: =AO27+AN28 -> 0 | AS28: =IF($AA28>AR$1,1,0) -> 0 | AT28: =IF($AA28<AR$2,1,0) -> 0 | AU28: =AV27 -> 0 | AV28: =IF(AS27,1,IF(AT27,0,AU27)) -> 1 | AW28: =AV28*$AC28 -> 0.016423727 | AX28: =-AV28*$AD28 -> -0.015059446 | AY28: =AW28+AX28 -> 0.0013642812 | AZ28: =AZ27+AY28 -> 0.0013642812 | BB28: =AN28+AY28 -> 0.0013642812 | BC28: =BC27+BB28 -> 0.0013642812
A29: 46064 | B29: 44.59 | C29: 113.36 | D29: 2.5422741 | E29: 2.5320126 | F29: 2.5419773 | G29: 2.5425112 | H29: 112.90244 | I29: 113.36254 | J29: 113.35931 | K29: 0.0040445115 | L29: -2.2386999e-05 | M29: 6.0517506e-06 | N29: 0 | O29: 0 | P29: 44.59 | Q29: 113.36 | R29: 2.5422741 | S29: 2.5327236 | T29: 2.5419773 | U29: 2.5425112 | V29: 112.93415 | W29: 113.36254 | X29: 113.35931 | Y29: 0.003763732 | Z29: -2.2386999e-05 | AA29: 6.0517506e-06 | AC29: =LN(B29/B28) -> 0.0087848296 | AD29: =LN(C29/C28) -> 0.0085046579 | AH29: =IF(AA29<AG$1,1,0) -> 0 | AI29: =IF($AA29>AG$2,1,0) -> 1 | AJ29: =AK29 -> 0 | AK29: =IF(AH28,1,IF(AI28,0,AJ28)) -> 0 | AL29: =-AK29*$AC29 -> 0 | AM29: =AK29*$AD29 -> 0 | AN29: =AL29+AM29 -> 0 | AO29: =AO28+AN29 -> 0 | AS29: =IF($AA29>AR$1,1,0) -> 0 | AT29: =IF($AA29<AR$2,1,0) -> 0 | AU29: =AV28 -> 1 | AV29: =IF(AS28,1,IF(AT28,0,AU28)) -> 0 | AW29: =AV29*$AC29 -> 0 | AX29: =-AV29*$AD29 -> 0 | AY29: =AW29+AX29 -> 0 | AZ29: =AZ28+AY29 -> 0.0013642812 | BB29: =AN29+AY29 -> 0 | BC29: =BC28+BB29 -> 0.0013642812
A30: 46065 | B30: 45.25 | C30: 114.77 | D30: 2.5363536 | E30: 2.5320126 | F30: 2.5417469 | G30: 2.5425395 | H30: 114.57357 | I30: 115.02447 | J30: 115.04863 | K30: 0.0017129903 | L30: -0.0022147678 | M30: -0.0024248089 | N30: 0 | O30: 0 | P30: 45.25 | Q30: 114.77 | R30: 2.5363536 | S30: 2.5327236 | T30: 2.5417469 | U30: 2.5425395 | V30: 114.60574 | W30: 115.02447 | X30: 115.04863 | Y30: 0.0014322108 | Z30: -0.0022147678 | AA30: -0.0024248089 | AC30: =LN(B30/B29) -> 0.014693052 | AD30: =LN(C30/C29) -> 0.01236153 | AH30: =IF(AA30<AG$1,1,0) -> 1 | AI30: =IF($AA30>AG$2,1,0) -> 0 | AJ30: =AK30 -> 0 | AK30: =IF(AH29,1,IF(AI29,0,AJ29)) -> 0 | AL30: =-AK30*$AC30 -> 0 | AM30: =AK30*$AD30 -> 0 | AN30: =AL30+AM30 -> 0 | AO30: =AO29+AN30 -> 0 | AS30: =IF($AA30>AR$1,1,0) -> 0 | AT30: =IF($AA30<AR$2,1,0) -> 1 | AU30: =AV29 -> 0 | AV30: =IF(AS29,1,IF(AT29,0,AU29)) -> 1 | AW30: =AV30*$AC30 -> 0.014693052 | AX30: =-AV30*$AD30 -> -0.01236153 | AY30: =AW30+AX30 -> 0.0023315212 | AZ30: =AZ29+AY30 -> 0.0036958024 | BB30: =AN30+AY30 -> 0.0023315212 | BC30: =BC29+BB30 -> 0.0036958024
A31: 46066 | B31: 46.5 | C31: 117.77 | D31: 2.5326882 | E31: 2.5320126 | F31: 2.5411198 | G31: 2.5422305 | H31: 117.73858 | I31: 118.19123 | J31: 118.22809 | K31: 0.00026679205 | L31: -0.0035703542 | M31: -0.0038821152 | N31: 0 | O31: 0 | P31: 46.5 | Q31: 117.77 | R31: 2.5326882 | S31: 2.5327236 | T31: 2.5411198 | U31: 2.5422305 | V31: 117.77165 | W31: 118.19123 | X31: 118.22809 | Y31: -1.398749e-05 | Z31: -0.0035703542 | AA31: -0.0038821152 | AC31: =LN(B31/B30) -> 0.027249642 | AD31: =LN(C31/C30) -> 0.025803444 | AH31: =IF(AA31<AG$1,1,0) -> 1 | AI31: =IF($AA31>AG$2,1,0) -> 0 | AJ31: =AK31 -> 1 | AK31: =IF(AH30,1,IF(AI30,0,AJ30)) -> 1 | AL31: =-AK31*$AC31 -> -0.027249642 | AM31: =AK31*$AD31 -> 0.025803444 | AN31: =AL31+AM31 -> -0.0014461983 | AO31: =AO30+AN31 -> -0.0014461983 | AS31: =IF($AA31>AR$1,1,0) -> 0 | AT31: =IF($AA31<AR$2,1,0) -> 1 | AU31: =AV30 -> 1 | AV31: =IF(AS30,1,IF(AT30,0,AU30)) -> 0 | AW31: =AV31*$AC31 -> 0 | AX31: =-AV31*$AD31 -> 0 | AY31: =AW31+AX31 -> 0 | AZ31: =AZ30+AY31 -> 0.0036958024 | BB31: =AN31+AY31 -> -0.0014461983 | BC31: =BC30+BB31 -> 0.0022496042
A32: 46070 | B32: 46.38 | C32: 117.41 | D32: 2.5314791 | E32: 2.5320126 | F32: 2.5399739 | G32: 2.5419434 | H32: 117.43474 | I32: 117.85714 | J32: 117.90865 | K32: -0.0002107144 | L32: -0.0038010957 | M32: -0.0042381007 | N32: 0 | O32: 0 | P32: 46.38 | Q32: 117.41 | R32: 2.5314791 | S32: 2.5327236 | T32: 2.5399739 | U32: 2.5419434 | V32: 117.46772 | W32: 117.85714 | X32: 117.90865 | Y32: -0.00049149394 | Z32: -0.0038010957 | AA32: -0.0042381007 | AC32: =LN(B32/B31) -> -0.0025839808 | AD32: =LN(C32/C31) -> -0.0030614872 | AH32: =IF(AA32<AG$1,1,0) -> 1 | AI32: =IF($AA32>AG$2,1,0) -> 0 | AJ32: =AK32 -> 1 | AK32: =IF(AH31,1,IF(AI31,0,AJ31)) -> 1 | AL32: =-AK32*$AC32 -> 0.0025839808 | AM32: =AK32*$AD32 -> -0.0030614872 | AN32: =AL32+AM32 -> -0.00047750645 | AO32: =AO31+AN32 -> -0.0019237047 | AS32: =IF($AA32>AR$1,1,0) -> 0 | AT32: =IF($AA32<AR$2,1,0) -> 1 | AU32: =AV31 -> 0 | AV32: =IF(AS31,1,IF(AT31,0,AU31)) -> 0 | AW32: =AV32*$AC32 -> 0 | AX32: =-AV32*$AD32 -> 0 | AY32: =AW32+AX32 -> 0 | AZ32: =AZ31+AY32 -> 0.0036958024 | BB32: =AN32+AY32 -> -0.00047750645 | BC32: =BC31+BB32 -> 0.0017720977
A33: 46071 | B33: 45.61 | C33: 115.57 | D33: 2.5338742 | E33: 2.5320126 | F33: 2.5392217 | G33: 2.5417866 | H33: 115.48509 | I33: 115.84821 | J33: 115.93804 | K33: 0.00073495105 | L33: -0.0024044053 | M33: -0.0031795069 | N33: 0 | O33: 0 | P33: 45.61 | Q33: 115.57 | R33: 2.5338742 | S33: 2.5327236 | T33: 2.5392217 | U33: 2.5417866 | V33: 115.51752 | W33: 115.84821 | X33: 115.93804 | Y33: 0.00045417151 | Z33: -0.0024044053 | AA33: -0.0031795069 | AC33: =LN(B33/B32) -> -0.016741341 | AD33: =LN(C33/C32) -> -0.015795676 | AH33: =IF(AA33<AG$1,1,0) -> 1 | AI33: =IF($AA33>AG$2,1,0) -> 0 | AJ33: =AK33 -> 1 | AK33: =IF(AH32,1,IF(AI32,0,AJ32)) -> 1 | AL33: =-AK33*$AC33 -> 0.016741341 | AM33: =AK33*$AD33 -> -0.015795676 | AN33: =AL33+AM33 -> 0.00094566545 | AO33: =AO32+AN33 -> -0.00097803928 | AS33: =IF($AA33>AR$1,1,0) -> 0 | AT33: =IF($AA33<AR$2,1,0) -> 1 | AU33: =AV32 -> 0 | AV33: =IF(AS32,1,IF(AT32,0,AU32)) -> 0 | AW33: =AV33*$AC33 -> 0 | AX33: =-AV33*$AD33 -> 0 | AY33: =AW33+AX33 -> 0 | AZ33: =AZ32+AY33 -> 0.0036958024 | BB33: =AN33+AY33 -> 0.00094566545 | BC33: =BC32+BB33 -> 0.0027177632
A34: 46072 | B34: 46.11 | C34: 116.75 | D34: 2.5319887 | E34: 2.5320126 | F34: 2.538428 | G34: 2.5411778 | H34: 116.7511 | I34: 117.08351 | J34: 117.20178 | K34: -9.4148842e-06 | L34: -0.0028525548 | M34: -0.0038621658 | N34: 0 | O34: 0 | P34: 46.11 | Q34: 116.75 | R34: 2.5319887 | S34: 2.5327236 | T34: 2.538428 | U34: 2.5411778 | V34: 116.78389 | W34: 117.08351 | X34: 117.20178 | Y34: -0.00029019442 | Z34: -0.0028525548 | AA34: -0.0038621658 | AC34: =LN(B34/B33) -> 0.010902855 | AD34: =LN(C34/C33) -> 0.01015849 | AH34: =IF(AA34<AG$1,1,0) -> 1 | AI34: =IF($AA34>AG$2,1,0) -> 0 | AJ34: =AK34 -> 1 | AK34: =IF(AH33,1,IF(AI33,0,AJ33)) -> 1 | AL34: =-AK34*$AC34 -> -0.010902855 | AM34: =AK34*$AD34 -> 0.01015849 | AN34: =AL34+AM34 -> -0.00074436593 | AO34: =AO33+AN34 -> -0.0017224052 | AS34: =IF($AA34>AR$1,1,0) -> 0 | AT34: =IF($AA34<AR$2,1,0) -> 1 | AU34: =AV33 -> 0 | AV34: =IF(AS33,1,IF(AT33,0,AU33)) -> 0 | AW34: =AV34*$AC34 -> 0 | AX34: =-AV34*$AD34 -> 0 | AY34: =AW34+AX34 -> 0 | AZ34: =AZ33+AY34 -> 0.0036958024 | BB34: =AN34+AY34 -> -0.00074436593 | BC34: =BC33+BB34 -> 0.0019733972
... A156: 46248 | B156: 44.31 | C156: 112.53 | D156: 2.5396073 | E156: 2.5320126 | F156: 2.5407791 | G156: 2.5379388 | H156: 112.19348 | I156: 112.55778 | J156: 112.46224 | K156: 0.0029950023 | L156: -0.00024686736 | M156: 0.00060230454 | N156: 0 | O156: 0 | P156: 44.31 | Q156: 112.53 | R156: 2.5396073 | S156: 2.5327236 | T156: 2.5407791 | U156: 2.5379388 | V156: 112.22498 | W156: 112.55778 | X156: 112.46224 | Y156: 0.0027142228 | Z156: -0.00024686736 | AA156: 0.00060230454 | AC156: =LN(B156/B155) -> 0.0061120734 | AD156: =LN(C156/C155) -> 0.0059717634 | AH156: =IF(AA156<AG$1,1,0) -> 0 | AI156: =IF($AA156>AG$2,1,0) -> 1 | AJ156: =AK156 -> 0 | AK156: =IF(AH155,1,IF(AI155,0,AJ155)) -> 0 | AL156: =-AK156*$AC156 -> 0 | AM156: =AK156*$AD156 -> 0 | AN156: =AL156+AM156 -> 0 | AO156: =AO155+AN156 -> 0.0097207111 | AS156: =IF($AA156>AR$1,1,0) -> 0 | AT156: =IF($AA156<AR$2,1,0) -> 0 | AU156: =AV155 -> 1 | AV156: =IF(AS155,1,IF(AT155,0,AU155)) -> 1 | AW156: =AV156*$AC156 -> 0.0061120734 | AX156: =-AV156*$AD156 -> -0.0059717634 | AY156: =AW156+AX156 -> 0.00014030999 | AZ156: =AZ155+AY156 -> 0.011251958 | BB156: =AN156+AY156 -> 0.00014030999 | BC156: =BC155+BB156 -> 0.02097267

Sheet IYJ_XLI
A1: date | B1: IYJ | C1: XLI | D1: XLI/IYJ | E1: XLI/IYJ avg | F1: XLI/IYJ 10 dma | G1: XLI/IYJ 20 dma | H1: IYJ avg | I1: IYJ 10 dma | J1: IYJ 20 dma | K1: avg diff | L1: 10 dma diff | M1: 20 dma diff | N1: IYJ div | O1: XLI div | P1: IYJ* | Q1: XLI* | R1: XLI*/IYJ* | S1: XLI*/IYJ* avg | T1: XLI*/IYJ* 10 dma | U1: XLI*/IYJ* 20 dma | V1: IYJ* avg | W1: IYJ* 10 dma | X1: IYJ* 20 dma | Y1: avg diff* | Z1: 10 dma diff* | AA1: 20 dma diff* | AC1: =_xlfn.CONCAT(B1," rtn") -> IYJ rtn | AD1: =_xlfn.CONCAT(C1," rtn") -> XLI rtn | AF1: signal | AG1: -0.005 | AH1: under | AI1: over | AJ1: yday | AK1: position | AO1: =AO156 -> 0.047685645 | AQ1: signal | AR1: 0.005 | AS1: over | AT1: under | AU1: yday | AV1: position | AZ1: =AZ156 -> 0.0061302064 | BC1: =BC156 -> 0.053815852
A2: 46024 | B2: 150.11 | C2: 157.98 | D2: 1.0524282 | E2: 1.0961269 | N2: 0 | O2: 0 | P2: 150.11 | Q2: 157.98 | R2: 1.0524282 | S2: 1.0960274 | AG2: 0 | AR2: 0
A3: 46027 | B3: 152.43 | C3: 159.85 | D3: 1.0486781 | E3: 1.0961269 | H3: 167.08262 | K3: -0.044252528 | N3: 0 | O3: 0 | P3: 152.43 | Q3: 159.85 | R3: 1.0486781 | S3: 1.0960274 | V3: 167.06746 | Y3: -0.044161812 | AC3: =LN(B3/B2) -> 0.015337116 | AD3: =LN(C3/C2) -> 0.011767433
A4: 46028 | B4: 154.7 | C4: 162.02 | D4: 1.0473174 | E4: 1.0961269 | H4: 169.57083 | K4: -0.045550903 | N4: 0 | O4: 0 | P4: 154.7 | Q4: 162.02 | R4: 1.0473174 | S4: 1.0960274 | V4: 169.55544 | Y4: -0.045460187 | AC4: =LN(B4/B3) -> 0.014782283 | AD4: =LN(C4/C3) -> 0.013483909
A5: 46029 | B5: 152.1 | C5: 158.97 | D5: 1.0451677 | E5: 1.0961269 | H5: 166.7209 | K5: -0.047605624 | N5: 0 | O5: 0 | P5: 152.1 | Q5: 158.97 | R5: 1.0451677 | S5: 1.0960274 | V5: 166.70577 | Y5: -0.047514907 | AC5: =LN(B5/B4) -> -0.016949558 | AD5: =LN(C5/C4) -> -0.019004279
A6: 46030 | B6: 153.18 | C6: 160.17 | D6: 1.0456326 | E6: 1.0961269 | H6: 167.90471 | K6: -0.047160879 | N6: 0 | O6: 0 | P6: 153.18 | Q6: 160.17 | R6: 1.0456326 | S6: 1.0960274 | V6: 167.88948 | Y6: -0.047070163 | AC6: =LN(B6/B5) -> 0.0070755012 | AD6: =LN(C6/C5) -> 0.007520246
A7: 46031 | B7: 154.65 | C7: 161.93 | D7: 1.047074 | E7: 1.0961269 | H7: 169.51602 | K7: -0.045783286 | N7: 0 | O7: 0 | P7: 154.65 | Q7: 161.93 | R7: 1.047074 | S7: 1.0960274 | V7: 169.50064 | Y7: -0.045692569 | AC7: =LN(B7/B6) -> 0.0095507986 | AD7: =LN(C7/C6) -> 0.010928392
A8: 46034 | B8: 154.74 | C8: 163.17 | D8: 1.0544785 | E8: 1.0961269 | H8: 169.61467 | K8: -0.038736617 | N8: 0 | O8: 0 | P8: 154.74 | Q8: 163.17 | R8: 1.0544785 | S8: 1.0960274 | V8: 169.59928 | Y8: -0.0386459 | AC8: =LN(B8/B7) -> 0.00058178999 | AD8: =LN(C8/C7) -> 0.007628459
A9: 46035 | B9: 154.24 | C9: 164.01 | D9: 1.0633428 | E9: 1.0961269 | H9: 169.06661 | K9: -0.030365359 | N9: 0 | O9: 0 | P9: 154.24 | Q9: 164.01 | R9: 1.0633428 | S9: 1.0960274 | V9: 169.05127 | Y9: -0.030274643 | AC9: =LN(B9/B8) -> -0.0032364583 | AD9: =LN(C9/C8) -> 0.0051347995 | AN9: =AVERAGE(AN22:AN200) -> 0.000353227 | AY9: =AVERAGE(AY22:AY200) -> 4.5408936e-05 | BB9: =AVERAGE(BB22:BB200) -> 0.00039863594
A10: 46036 | B10: 154.65 | C10: 164.27 | D10: 1.062205 | E10: 1.0961269 | H10: 169.51602 | K10: -0.031436013 | N10: 0 | O10: 0 | P10: 154.65 | Q10: 164.27 | R10: 1.062205 | S10: 1.0960274 | V10: 169.50064 | Y10: -0.031345297 | AC10: =LN(B10/B9) -> 0.0026546683 | AD10: =LN(C10/C9) -> 0.001584014 | AN10: =STDEV(AN22:AN200) -> 0.0019344792 | AY10: =STDEV(AY22:AY200) -> 0.0022294882 | BB10: =STDEV(BB22:BB200) -> 0.0029462702
A11: 46037 | B11: 155.64 | C11: 165.78 | D11: 1.0651503 | E11: 1.0961269 | F11: 1.0531475 | H11: 170.60118 | K11: -0.02866697 | N11: 0 | O11: 0 | P11: 155.64 | Q11: 165.78 | R11: 1.0651503 | S11: 1.0960274 | T11: 1.0531475 | V11: 170.58571 | Y11: -0.028576253 | AC11: =LN(B11/B10) -> 0.006381149 | AD11: =LN(C11/C10) -> 0.0091501926 | AN11: =SQRT(252)*AN9/AN10 -> 2.8986122 | AY11: =SQRT(252)*AY9/AY10 -> 0.32332287 | BB11: =SQRT(252)*BB9/BB10 -> 2.147851
A12: 46038 | B12: 156.38 | C12: 166.9 | D12: 1.067272 | E12: 1.0961269 | F12: 1.0546318 | H12: 171.41232 | I12: 164.6912 | K12: -0.026677042 | L12: 0.013322625 | N12: 0 | O12: 0 | P12: 156.38 | Q12: 166.9 | R12: 1.067272 | S12: 1.0960274 | T12: 1.0546318 | V12: 171.39677 | W12: 164.6912 | Y12: -0.026586325 | Z12: 0.013322625 | AC12: =LN(B12/B11) -> 0.0047432946 | AD12: =LN(C12/C11) -> 0.0067332225
A13: 46042 | B13: 152.99 | C13: 163.53 | D13: 1.0688934 | E13: 1.0961269 | F13: 1.0566534 | H13: 167.69645 | I13: 161.34813 | K13: -0.02515903 | L13: 0.013432158 | N13: 0 | O13: 0 | P13: 152.99 | Q13: 163.53 | R13: 1.0688934 | S13: 1.0960274 | T13: 1.0566534 | V13: 167.68124 | W13: 161.34813 | Y13: -0.025068313 | Z13: 0.013432158 | AC13: =LN(B13/B12) -> -0.021916383 | AD13: =LN(C13/C12) -> -0.020398371
A14: 46043 | B14: 155.33 | C14: 166.36 | D14: 1.0710101 | E14: 1.0961269 | F14: 1.0590226 | H14: 170.26139 | I14: 164.12997 | K14: -0.023180701 | L14: 0.01349551 | N14: 0 | O14: 0 | P14: 155.33 | Q14: 166.36 | R14: 1.0710101 | S14: 1.0960274 | T14: 1.0590226 | V14: 170.24594 | W14: 164.12997 | Y14: -0.023089984 | Z14: 0.01349551 | AC14: =LN(B14/B13) -> 0.015179326 | AD14: =LN(C14/C13) -> 0.017157655
A15: 46044 | B15: 155.44 | C15: 165.5 | D15: 1.0647195 | E15: 1.0961269 | F15: 1.0609778 | H15: 170.38196 | I15: 164.61448 | K15: -0.02907154 | L15: 0.0053649393 | N15: 0 | O15: 0 | P15: 155.44 | Q15: 165.5 | R15: 1.0647195 | S15: 1.0960274 | T15: 1.0609778 | V15: 170.3665 | W15: 164.61448 | Y15: -0.028980824 | Z15: 0.0053649393 | AC15: =LN(B15/B14) -> 0.00070791907 | AD15: =LN(C15/C14) -> -0.0051829201
A16: 46045 | B16: 153.94 | C16: 164.22 | D16: 1.0667793 | E16: 1.0961269 | F16: 1.0630925 | H16: 168.73777 | I16: 163.32693 | K16: -0.027138853 | L16: 0.0054531112 | N16: 0 | O16: 0 | P16: 153.94 | Q16: 164.22 | R16: 1.0667793 | S16: 1.0960274 | T16: 1.0630925 | V16: 168.72246 | W16: 163.32693 | Y16: -0.027048137 | Z16: 0.0054531112 | AC16: =LN(B16/B15) -> -0.009696889 | AD16: =LN(C16/C15) -> -0.0077642025
A17: 46048 | B17: 154.14 | C17: 164.38 | D17: 1.0664331 | E17: 1.0961269 | F17: 1.0650284 | H17: 168.95699 | I17: 163.86508 | K17: -0.027463389 | L17: 0.0031374282 | N17: 0 | O17: 0 | P17: 154.14 | Q17: 164.38 | R17: 1.0664331 | S17: 1.0960274 | T17: 1.0650284 | V17: 168.94167 | W17: 163.86508 | Y17: -0.027372673 | Z17: 0.0031374282 | AC17: =LN(B17/B16) -> 0.0012983642 | AD17: =LN(C17/C16) -> 0.00097382844
A18: 46049 | B18: 154.16 | C18: 165.06 | D18: 1.0707058 | E18: 1.0961269 | F18: 1.0666511 | H18: 168.97892 | I18: 164.18478 | K18: -0.02346491 | L18: 0.0053165489 | N18: 0 | O18: 0 | P18: 154.16 | Q18: 165.06 | R18: 1.0707058 | S18: 1.0960274 | T18: 1.0666511 | V18: 168.96359 | W18: 164.18478 | Y18: -0.023374193 | Z18: 0.0053165489 | AC18: =LN(B18/B17) -> 0.00012974376 | AD18: =LN(C18/C17) -> 0.0041282234
A19: 46050 | B19: 153.48 | C19: 164.14 | D19: 1.0694553 | E19: 1.0961269 | F19: 1.0672624 | H19: 168.23355 | I19: 163.70962 | K19: -0.024633473 | L19: 0.0026254976 | N19: 0 | O19: 0 | P19: 153.48 | Q19: 164.14 | R19: 1.0694553 | S19: 1.0960274 | T19: 1.0672624 | V19: 168.21829 | W19: 163.70962 | Y19: -0.024542757 | Z19: 0.0026254976 | AC19: =LN(B19/B18) -> -0.0044207587 | AD19: =LN(C19/C18) -> -0.005589322
A20: 46051 | B20: 154.87 | C20: 165.86 | D20: 1.0709627 | E20: 1.0961269 | F20: 1.0681382 | H20: 169.75717 | I20: 165.28692 | K20: -0.023224926 | L20: 0.003461157 | N20: 0 | O20: 0 | P20: 154.87 | Q20: 165.86 | R20: 1.0709627 | S20: 1.0960274 | T20: 1.0681382 | V20: 169.74177 | W20: 165.28692 | Y20: -0.02313421 | Z20: 0.003461157 | AC20: =LN(B20/B19) -> 0.0090157899 | AD20: =LN(C20/C19) -> 0.010424337
A21: 46052 | B21: 153.89 | C21: 165.44 | D21: 1.0750536 | E21: 1.0961269 | F21: 1.0691285 | G21: 1.061138 | H21: 168.68296 | I21: 164.37578 | K21: -0.0194124 | L21: 0.0064534376 | N21: 0 | O21: 0 | P21: 153.89 | Q21: 165.44 | R21: 1.0750536 | S21: 1.0960274 | T21: 1.0691285 | U21: 1.061138 | V21: 168.66766 | W21: 164.37578 | Y21: -0.019321684 | Z21: 0.0064534376 | AC21: =LN(B21/B20) -> -0.0063479939 | AD21: =LN(C21/C20) -> -0.0025354677 | AK21: 0 | AV21: 0
A22: 46055 | B22: 156.16 | C22: 167.53 | D22: 1.0728099 | E22: 1.0961269 | F22: 1.0696823 | G22: 1.0621571 | H22: 171.17117 | I22: 166.9551 | J22: 165.70731 | K22: -0.021501613 | L22: 0.0034375024 | M22: 0.010939426 | N22: 0 | O22: 0 | P22: 156.16 | Q22: 167.53 | R22: 1.0728099 | S22: 1.0960274 | T22: 1.0696823 | U22: 1.0621571 | V22: 171.15564 | W22: 166.9551 | X22: 165.70731 | Y22: -0.021410896 | Z22: 0.0034375024 | AA22: 0.010939426 | AC22: =LN(B22/B21) -> 0.014643061 | AD22: =LN(C22/C21) -> 0.012553848 | AH22: =IF($AA22<AG$1,1,0) -> 0 | AI22: =IF($AA22>AG$2,1,0) -> 1 | AJ22: =AK21 -> 0 | AK22: =IF(AH21,1,IF(AI21,0,AJ21)) -> 0 | AL22: =-AK22*$AC22 -> 0 | AM22: =AK22*$AD22 -> 0 | AN22: =AL22+AM22 -> 0 | AO22: =AO21+AN22 -> 0 | AS22: =IF($AA22>AR$1,1,0) -> 1 | AT22: =IF($AA22<AR$2,1,0) -> 0 | AU22: =AV21 -> 0 | AV22: =IF(AS21,1,IF(AT21,0,AU21)) -> 0 | AW22: =AV22*$AC22 -> 0 | AX22: =-AV22*$AD22 -> 0 | AY22: =AW22+AX22 -> 0 | AZ22: =AZ21+AY22 -> 0 | BB22: =AN22+AY22 -> 0 | BC22: =BC21+BB22 -> 0
A23: 46056 | B23: 156.35 | C23: 168.94 | D23: 1.0805245 | E23: 1.0961269 | F23: 1.0708454 | G23: 1.0637494 | H23: 171.37943 | I23: 167.24482 | J23: 166.06826 | K23: -0.014336391 | L23: 0.010084874 | M23: 0.017144737 | N23: 0 | O23: 0 | P23: 156.35 | Q23: 168.94 | R23: 1.0805245 | S23: 1.0960274 | T23: 1.0708454 | U23: 1.0637494 | V23: 171.36389 | W23: 167.24482 | X23: 166.06826 | Y23: -0.014245675 | Z23: 0.010084874 | AA23: 0.017144737 | AC23: =LN(B23/B22) -> 0.0012159612 | AD23: =LN(C23/C22) -> 0.0083811826 | AH23: =IF(AA23<AG$1,1,0) -> 0 | AI23: =IF($AA23>AG$2,1,0) -> 1 | AJ23: =AK23 -> 0 | AK23: =IF(AH22,1,IF(AI22,0,AJ22)) -> 0 | AL23: =-AK23*$AC23 -> 0 | AM23: =AK23*$AD23 -> 0 | AN23: =AL23+AM23 -> 0 | AO23: =AO22+AN23 -> 0 | AS23: =IF($AA23>AR$1,1,0) -> 1 | AT23: =IF($AA23<AR$2,1,0) -> 0 | AU23: =AV22 -> 0 | AV23: =IF(AS22,1,IF(AT22,0,AU22)) -> 1 | AW23: =AV23*$AC23 -> 0.0012159612 | AX23: =-AV23*$AD23 -> -0.0083811826 | AY23: =AW23+AX23 -> -0.0071652214 | AZ23: =AZ22+AY23 -> -0.0071652214 | BB23: =AN23+AY23 -> -0.0071652214 | BC23: =BC22+BB23 -> -0.0071652214
A24: 46057 | B24: 157.31 | C24: 169.39 | D24: 1.076791 | E24: 1.0961269 | F24: 1.0714235 | G24: 1.0652231 | H24: 172.43172 | I24: 168.45469 | J24: 167.33841 | K24: -0.017797562 | L24: 0.0055369555 | M24: 0.012185552 | N24: 0 | O24: 0 | P24: 157.31 | Q24: 169.39 | R24: 1.076791 | S24: 1.0960274 | T24: 1.0714235 | U24: 1.0652231 | V24: 172.41607 | W24: 168.45469 | X24: 167.33841 | Y24: -0.017706846 | Z24: 0.0055369555 | AA24: 0.012185552 | AC24: =LN(B24/B23) -> 0.0061212969 | AD24: =LN(C24/C23) -> 0.0026601263 | AH24: =IF(AA24<AG$1,1,0) -> 0 | AI24: =IF($AA24>AG$2,1,0) -> 1 | AJ24: =AK24 -> 0 | AK24: =IF(AH23,1,IF(AI23,0,AJ23)) -> 0 | AL24: =-AK24*$AC24 -> 0 | AM24: =AK24*$AD24 -> 0 | AN24: =AL24+AM24 -> 0 | AO24: =AO23+AN24 -> 0 | AS24: =IF($AA24>AR$1,1,0) -> 1 | AT24: =IF($AA24<AR$2,1,0) -> 0 | AU24: =AV23 -> 1 | AV24: =IF(AS23,1,IF(AT23,0,AU23)) -> 1 | AW24: =AV24*$AC24 -> 0.0061212969 | AX24: =-AV24*$AD24 -> -0.0026601263 | AY24: =AW24+AX24 -> 0.0034611706 | AZ24: =AZ23+AY24 -> -0.0037040507 | BB24: =AN24+AY24 -> 0.0034611706 | BC24: =BC23+BB24 -> -0.0037040507
A25: 46058 | B25: 156.2 | C25: 168.37 | D25: 1.0779129 | E25: 1.0961269 | F25: 1.0727428 | G25: 1.0668603 | H25: 171.21502 | I25: 167.35635 | J25: 166.38784 | K25: -0.016756228 | L25: 0.0060385862 | M25: 0.011842478 | N25: 0 | O25: 0 | P25: 156.2 | Q25: 168.37 | R25: 1.0779129 | S25: 1.0960274 | T25: 1.0727428 | U25: 1.0668603 | V25: 171.19948 | W25: 167.35635 | X25: 166.38784 | Y25: -0.016665512 | Z25: 0.0060385862 | AA25: 0.011842478 | AC25: =LN(B25/B24) -> -0.0070811434 | AD25: =LN(C25/C24) -> -0.0060398099 | AH25: =IF(AA25<AG$1,1,0) -> 0 | AI25: =IF($AA25>AG$2,1,0) -> 1 | AJ25: =AK25 -> 0 | AK25: =IF(AH24,1,IF(AI24,0,AJ24)) -> 0 | AL25: =-AK25*$AC25 -> 0 | AM25: =AK25*$AD25 -> 0 | AN25: =AL25+AM25 -> 0 | AO25: =AO24+AN25 -> 0 | AS25: =IF($AA25>AR$1,1,0) -> 1 | AT25: =IF($AA25<AR$2,1,0) -> 0 | AU25: =AV24 -> 1 | AV25: =IF(AS24,1,IF(AT24,0,AU24)) -> 1 | AW25: =AV25*$AC25 -> -0.0070811434 | AX25: =-AV25*$AD25 -> 0.0060398099 | AY25: =AW25+AX25 -> -0.0010413335 | AZ25: =AZ24+AY25 -> -0.0047453842 | BB25: =AN25+AY25 -> -0.0010413335 | BC25: =BC24+BB25 -> -0.0047453842
A26: 46059 | B26: 160.21 | C26: 173.18 | D26: 1.0809562 | E26: 1.0961269 | F26: 1.0741605 | G26: 1.0686265 | H26: 175.61048 | I26: 171.86413 | J26: 170.92169 | K26: -0.013936868 | L26: 0.0076273116 | M26: 0.013126003 | N26: 0 | O26: 0 | P26: 160.21 | Q26: 173.18 | R26: 1.0809562 | S26: 1.0960274 | T26: 1.0741605 | U26: 1.0686265 | V26: 175.59455 | W26: 171.86413 | X26: 170.92169 | Y26: -0.013846152 | Z26: 0.0076273116 | AA26: 0.013126003 | AC26: =LN(B26/B25) -> 0.025348217 | AD26: =LN(C26/C25) -> 0.028167577 | AH26: =IF(AA26<AG$1,1,0) -> 0 | AI26: =IF($AA26>AG$2,1,0) -> 1 | AJ26: =AK26 -> 0 | AK26: =IF(AH25,1,IF(AI25,0,AJ25)) -> 0 | AL26: =-AK26*$AC26 -> 0 | AM26: =AK26*$AD26 -> 0 | AN26: =AL26+AM26 -> 0 | AO26: =AO25+AN26 -> 0 | AS26: =IF($AA26>AR$1,1,0) -> 1 | AT26: =IF($AA26<AR$2,1,0) -> 0 | AU26: =AV25 -> 1 | AV26: =IF(AS25,1,IF(AT25,0,AU25)) -> 1 | AW26: =AV26*$AC26 -> 0.025348217 | AX26: =-AV26*$AD26 -> -0.028167577 | AY26: =AW26+AX26 -> -0.0028193601 | AZ26: =AZ25+AY26 -> -0.0075647443 | BB26: =AN26+AY26 -> -0.0028193601 | BC26: =BC25+BB26 -> -0.0075647443
A27: 46062 | B27: 160.19 | C27: 173.7 | D27: 1.0843373 | E27: 1.0961269 | F27: 1.0759509 | G27: 1.0704897 | H27: 175.58856 | I27: 172.06977 | J27: 171.18328 | K27: -0.010813867 | L27: 0.0094296215 | M27: 0.014594877 | N27: 0 | O27: 0 | P27: 160.19 | Q27: 173.7 | R27: 1.0843373 | S27: 1.0960274 | T27: 1.0759509 | U27: 1.0704897 | V27: 175.57263 | W27: 172.06977 | X27: 171.18328 | Y27: -0.010723151 | Z27: 0.0094296215 | AA27: 0.014594877 | AC27: =LN(B27/B26) -> -0.00012484395 | AD27: =LN(C27/C26) -> 0.0029981572 | AH27: =IF(AA27<AG$1,1,0) -> 0 | AI27: =IF($AA27>AG$2,1,0) -> 1 | AJ27: =AK27 -> 0 | AK27: =IF(AH26,1,IF(AI26,0,AJ26)) -> 0 | AL27: =-AK27*$AC27 -> 0 | AM27: =AK27*$AD27 -> 0 | AN27: =AL27+AM27 -> 0 | AO27: =AO26+AN27 -> 0 | AS27: =IF($AA27>AR$1,1,0) -> 1 | AT27: =IF($AA27<AR$2,1,0) -> 0 | AU27: =AV26 -> 1 | AV27: =IF(AS26,1,IF(AT26,0,AU26)) -> 1 | AW27: =AV27*$AC27 -> -0.00012484395 | AX27: =-AV27*$AD27 -> -0.0029981572 | AY27: =AW27+AX27 -> -0.0031230012 | AZ27: =AZ26+AY27 -> -0.010687745 | BB27: =AN27+AY27 -> -0.0031230012 | BC27: =BC26+BB27 -> -0.010687745
A28: 46063 | B28: 160.9 | C28: 173.91 | D28: 1.0808577 | E28: 1.0961269 | F28: 1.0769661 | G28: 1.0718086 | H28: 176.36681 | I28: 173.12051 | J28: 172.24179 | K28: -0.01402806 | L28: 0.0045500045 | M28: 0.0096386881 | N28: 0 | O28: 0 | P28: 160.9 | Q28: 173.91 | R28: 1.0808577 | S28: 1.0960274 | T28: 1.0769661 | U28: 1.0718086 | V28: 176.35081 | W28: 173.12051 | X28: 172.24179 | Y28: -0.013937343 | Z28: 0.0045500045 | AA28: 0.0096386881 | AC28: =LN(B28/B27) -> 0.0044224433 | AD28: =LN(C28/C27) -> 0.0012082508 | AH28: =IF(AA28<AG$1,1,0) -> 0 | AI28: =IF($AA28>AG$2,1,0) -> 1 | AJ28: =AK28 -> 0 | AK28: =IF(AH27,1,IF(AI27,0,AJ27)) -> 0 | AL28: =-AK28*$AC28 -> 0 | AM28: =AK28*$AD28 -> 0 | AN28: =AL28+AM28 -> 0 | AO28: =AO27+AN28 -> 0 | AS28: =IF($AA28>AR$1,1,0) -> 1 | AT28: =IF($AA28<AR$2,1,0) -> 0 | AU28: =AV27 -> 1 | AV28: =IF(AS27,1,IF(AT27,0,AU27)) -> 1 | AW28: =AV28*$AC28 -> 0.0044224433 | AX28: =-AV28*$AD28 -> -0.0012082508 | AY28: =AW28+AX28 -> 0.0032141925 | AZ28: =AZ27+AY28 -> -0.007473553 | BB28: =AN28+AY28 -> 0.0032141925 | BC28: =BC27+BB28 -> -0.007473553
A29: 46064 | B29: 161.15 | C29: 174.84 | D29: 1.0849519 | E29: 1.0961269 | F29: 1.0785158 | G29: 1.0728891 | H29: 176.64084 | I29: 173.55309 | J29: 172.72196 | K29: -0.010247268 | L29: 0.0073877115 | M29: 0.012188129 | N29: 0 | O29: 0 | P29: 161.15 | Q29: 174.84 | R29: 1.0849519 | S29: 1.0960274 | T29: 1.0785158 | U29: 1.0728891 | V29: 176.62482 | W29: 173.55309 | X29: 172.72196 | Y29: -0.010156552 | Z29: 0.0073877115 | AA29: 0.012188129 | AC29: =LN(B29/B28) -> 0.0015525543 | AD29: =LN(C29/C28) -> 0.005333346 | AH29: =IF(AA29<AG$1,1,0) -> 0 | AI29: =IF($AA29>AG$2,1,0) -> 1 | AJ29: =AK29 -> 0 | AK29: =IF(AH28,1,IF(AI28,0,AJ28)) -> 0 | AL29: =-AK29*$AC29 -> 0 | AM29: =AK29*$AD29 -> 0 | AN29: =AL29+AM29 -> 0 | AO29: =AO28+AN29 -> 0 | AS29: =IF($AA29>AR$1,1,0) -> 1 | AT29: =IF($AA29<AR$2,1,0) -> 0 | AU29: =AV28 -> 1 | AV29: =IF(AS28,1,IF(AT28,0,AU28)) -> 1 | AW29: =AV29*$AC29 -> 0.0015525543 | AX29: =-AV29*$AD29 -> -0.005333346 | AY29: =AW29+AX29 -> -0.0037807917 | AZ29: =AZ28+AY29 -> -0.011254345 | BB29: =AN29+AY29 -> -0.0037807917 | BC29: =BC28+BB29 -> -0.011254345
A30: 46065 | B30: 158.85 | C30: 172.75 | D30: 1.0875039 | E30: 1.0961269 | F30: 1.0801699 | G30: 1.074154 | H30: 174.11975 | I30: 171.32223 | J30: 170.42843 | K30: -0.0078978277 | L30: 0.0082992731 | M30: 0.013530012 | N30: 0 | O30: 0 | P30: 158.85 | Q30: 172.75 | R30: 1.0875039 | S30: 1.0960274 | T30: 1.0801699 | U30: 1.074154 | V30: 174.10396 | W30: 171.32223 | X30: 170.42843 | Y30: -0.0078071114 | Z30: 0.0082992731 | AA30: 0.013530012 | AC30: =LN(B30/B29) -> -0.014375248 | AD30: =LN(C30/C29) -> -0.012025807 | AH30: =IF(AA30<AG$1,1,0) -> 0 | AI30: =IF($AA30>AG$2,1,0) -> 1 | AJ30: =AK30 -> 0 | AK30: =IF(AH29,1,IF(AI29,0,AJ29)) -> 0 | AL30: =-AK30*$AC30 -> 0 | AM30: =AK30*$AD30 -> 0 | AN30: =AL30+AM30 -> 0 | AO30: =AO29+AN30 -> 0 | AS30: =IF($AA30>AR$1,1,0) -> 1 | AT30: =IF($AA30<AR$2,1,0) -> 0 | AU30: =AV29 -> 1 | AV30: =IF(AS29,1,IF(AT29,0,AU29)) -> 1 | AW30: =AV30*$AC30 -> -0.014375248 | AX30: =-AV30*$AD30 -> 0.012025807 | AY30: =AW30+AX30 -> -0.0023494402 | AZ30: =AZ29+AY30 -> -0.013603785 | BB30: =AN30+AY30 -> -0.0023494402 | BC30: =BC29+BB30 -> -0.013603785
A31: 46066 | B31: 159.55 | C31: 174.17 | D31: 1.0916327 | E31: 1.0961269 | F31: 1.0818278 | G31: 1.0754782 | H31: 174.88704 | I31: 172.34111 | J31: 171.38128 | K31: -0.0041084486 | L31: 0.010556128 | M31: 0.016141075 | N31: 0 | O31: 0 | P31: 159.55 | Q31: 174.17 | R31: 1.0916327 | S31: 1.0960274 | T31: 1.0818278 | U31: 1.0754782 | V31: 174.87118 | W31: 172.34111 | X31: 171.38128 | Y31: -0.0040177323 | Z31: 0.010556128 | AA31: 0.016141075 | AC31: =LN(B31/B30) -> 0.004396992 | AD31: =LN(C31/C30) -> 0.0081863711 | AH31: =IF(AA31<AG$1,1,0) -> 0 | AI31: =IF($AA31>AG$2,1,0) -> 1 | AJ31: =AK31 -> 0 | AK31: =IF(AH30,1,IF(AI30,0,AJ30)) -> 0 | AL31: =-AK31*$AC31 -> 0 | AM31: =AK31*$AD31 -> 0 | AN31: =AL31+AM31 -> 0 | AO31: =AO30+AN31 -> 0 | AS31: =IF($AA31>AR$1,1,0) -> 1 | AT31: =IF($AA31<AR$2,1,0) -> 0 | AU31: =AV30 -> 1 | AV31: =IF(AS30,1,IF(AT30,0,AU30)) -> 1 | AW31: =AV31*$AC31 -> 0.004396992 | AX31: =-AV31*$AD31 -> -0.0081863711 | AY31: =AW31+AX31 -> -0.0037893791 | AZ31: =AZ30+AY31 -> -0.017393164 | BB31: =AN31+AY31 -> -0.0037893791 | BC31: =BC30+BB31 -> -0.017393164
A32: 46070 | B32: 160.23 | C32: 175.08 | D32: 1.0926793 | E32: 1.0961269 | F32: 1.0838148 | G32: 1.0767485 | H32: 175.63241 | I32: 173.34127 | J32: 172.32386 | K32: -0.0031502003 | L32: 0.0099806915 | M32: 0.015867374 | N32: 0 | O32: 0 | P32: 160.23 | Q32: 175.08 | R32: 1.0926793 | S32: 1.0960274 | T32: 1.0838148 | U32: 1.0767485 | V32: 175.61647 | W32: 173.34127 | X32: 172.32386 | Y32: -0.0030594841 | Z32: 0.0099806915 | AA32: 0.015867374 | AC32: =LN(B32/B31) -> 0.0042529303 | AD32: =LN(C32/C31) -> 0.0052111786 | AH32: =IF(AA32<AG$1,1,0) -> 0 | AI32: =IF($AA32>AG$2,1,0) -> 1 | AJ32: =AK32 -> 0 | AK32: =IF(AH31,1,IF(AI31,0,AJ31)) -> 0 | AL32: =-AK32*$AC32 -> 0 | AM32: =AK32*$AD32 -> 0 | AN32: =AL32+AM32 -> 0 | AO32: =AO31+AN32 -> 0 | AS32: =IF($AA32>AR$1,1,0) -> 1 | AT32: =IF($AA32<AR$2,1,0) -> 0 | AU32: =AV31 -> 1 | AV32: =IF(AS31,1,IF(AT31,0,AU31)) -> 1 | AW32: =AV32*$AC32 -> 0.0042529303 | AX32: =-AV32*$AD32 -> -0.0052111786 | AY32: =AW32+AX32 -> -0.00095824828 | AZ32: =AZ31+AY32 -> -0.018351412 | BB32: =AN32+AY32 -> -0.00095824828 | BC32: =BC31+BB32 -> -0.018351412
A33: 46071 | B33: 160.64 | C33: 175.04 | D33: 1.0896414 | E33: 1.0961269 | F33: 1.0847265 | G33: 1.0777859 | H33: 176.08182 | I33: 174.104 | J33: 172.96888 | K33: -0.0059342469 | L33: 0.0053616846 | M33: 0.011902818 | N33: 0 | O33: 0 | P33: 160.64 | Q33: 175.04 | R33: 1.0896414 | S33: 1.0960274 | T33: 1.0847265 | U33: 1.0777859 | V33: 176.06585 | W33: 174.104 | X33: 172.96888 | Y33: -0.0058435306 | Z33: 0.0053616846 | AA33: 0.011902818 | AC33: =LN(B33/B32) -> 0.0025555535 | AD33: =LN(C33/C32) -> -0.00022849309 | AH33: =IF(AA33<AG$1,1,0) -> 0 | AI33: =IF($AA33>AG$2,1,0) -> 1 | AJ33: =AK33 -> 0 | AK33: =IF(AH32,1,IF(AI32,0,AJ32)) -> 0 | AL33: =-AK33*$AC33 -> 0 | AM33: =AK33*$AD33 -> 0 | AN33: =AL33+AM33 -> 0 | AO33: =AO32+AN33 -> 0 | AS33: =IF($AA33>AR$1,1,0) -> 1 | AT33: =IF($AA33<AR$2,1,0) -> 0 | AU33: =AV32 -> 1 | AV33: =IF(AS32,1,IF(AT32,0,AU32)) -> 1 | AW33: =AV33*$AC33 -> 0.0025555535 | AX33: =-AV33*$AD33 -> 0.00022849309 | AY33: =AW33+AX33 -> 0.0027840466 | AZ33: =AZ32+AY33 -> -0.015567366 | BB33: =AN33+AY33 -> 0.0027840466 | BC33: =BC32+BB33 -> -0.015567366
A34: 46072 | B34: 161.1 | C34: 176.34 | D34: 1.0945996 | E34: 1.0961269 | F34: 1.0865073 | G34: 1.0789654 | H34: 176.58604 | I34: 174.74943 | J34: 173.63131 | K34: -0.0013942701 | L34: 0.0090608223 | M34: 0.0154798 | N34: 0 | O34: 0 | P34: 161.1 | Q34: 176.34 | R34: 1.0945996 | S34: 1.0960274 | T34: 1.0865073 | U34: 1.0789654 | V34: 176.57002 | W34: 174.74943 | X34: 173.63131 | Y34: -0.0013035539 | Z34: 0.0090608223 | AA34: 0.0154798 | AC34: =LN(B34/B33) -> 0.0028594537 | AD34: =LN(C34/C33) -> 0.0073994304 | AH34: =IF(AA34<AG$1,1,0) -> 0 | AI34: =IF($AA34>AG$2,1,0) -> 1 | AJ34: =AK34 -> 0 | AK34: =IF(AH33,1,IF(AI33,0,AJ33)) -> 0 | AL34: =-AK34*$AC34 -> 0 | AM34: =AK34*$AD34 -> 0 | AN34: =AL34+AM34 -> 0 | AO34: =AO33+AN34 -> 0 | AS34: =IF($AA34>AR$1,1,0) -> 1 | AT34: =IF($AA34<AR$2,1,0) -> 0 | AU34: =AV33 -> 1 | AV34: =IF(AS33,1,IF(AT33,0,AU33)) -> 1 | AW34: =AV34*$AC34 -> 0.0028594537 | AX34: =-AV34*$AD34 -> -0.0073994304 | AY34: =AW34+AX34 -> -0.0045399767 | AZ34: =AZ33+AY34 -> -0.020107342 | BB34: =AN34+AY34 -> -0.0045399767 | BC34: =BC33+BB34 -> -0.020107342
... A156: 46248 | B156: 169.65 | C156: 186.51 | D156: 1.0993811 | E156: 1.0961269 | F156: 1.0993477 | G156: 1.1006779 | H156: 185.95792 | I156: 186.46599 | J156: 186.75015 | K156: 0.0029644361 | L156: 0.00023597278 | M156: -0.0012867611 | N156: 0 | O156: 0 | P156: 169.65 | Q156: 186.51 | R156: 1.0993811 | S156: 1.0960274 | T156: 1.0993477 | U156: 1.1006779 | V156: 185.94105 | W156: 186.46599 | X156: 186.75015 | Y156: 0.0030551524 | Z156: 0.00023597278 | AA156: -0.0012867611 | AC156: =LN(B156/B155) -> 0.0032472353 | AD156: =LN(C156/C155) -> 0.0038678533 | AH156: =IF(AA156<AG$1,1,0) -> 0 | AI156: =IF($AA156>AG$2,1,0) -> 0 | AJ156: =AK156 -> 0 | AK156: =IF(AH155,1,IF(AI155,0,AJ155)) -> 0 | AL156: =-AK156*$AC156 -> 0 | AM156: =AK156*$AD156 -> 0 | AN156: =AL156+AM156 -> 0 | AO156: =AO155+AN156 -> 0.047685645 | AS156: =IF($AA156>AR$1,1,0) -> 0 | AT156: =IF($AA156<AR$2,1,0) -> 1 | AU156: =AV155 -> 0 | AV156: =IF(AS155,1,IF(AT155,0,AU155)) -> 0 | AW156: =AV156*$AC156 -> 0 | AX156: =-AV156*$AD156 -> 0 | AY156: =AW156+AX156 -> 0 | AZ156: =AZ155+AY156 -> 0.0061302064 | BB156: =AN156+AY156 -> 0 | BC156: =BC155+BB156 -> 0.053815852

Sheet IYK_XLP
A1: date | B1: IYK | C1: XLP | D1: XLP/IYK | E1: XLP/IYK avg | F1: XLP/IYK 10 dma | G1: XLP/IYK 20 dma | H1: IYK avg | I1: IYK 10 dma | J1: IYK 20 dma | K1: avg diff | L1: 10 dma diff | M1: 20 dma diff | N1: IYK div | O1: XLP div | P1: IYK* | Q1: XLP* | R1: XLP*/IYK* | S1: XLP*/IYK* avg | T1: XLP*/IYK* 10 dma | U1: XLP*/IYK* 20 dma | V1: IYK* avg | W1: IYK* 10 dma | X1: IYK* 20 dma | Y1: avg diff* | Z1: 10 dma diff* | AA1: 20 dma diff* | AC1: =_xlfn.CONCAT(B1," rtn") -> IYK rtn | AD1: =_xlfn.CONCAT(C1," rtn") -> XLP rtn | AF1: signal | AG1: -0.003 | AH1: under | AI1: over | AJ1: yday | AK1: position | AO1: =AO156 -> 0.0052010897 | AQ1: signal | AR1: 0.003 | AS1: over | AT1: under | AU1: yday | AV1: position | AZ1: =AZ156 -> 0.056362445 | BC1: =BC156 -> 0.061563535
A2: 46024 | B2: 66.71 | C2: 77.69 | D2: 1.164593 | E2: 1.1637248 | N2: 0 | O2: 0 | P2: 66.71 | Q2: 77.69 | R2: 1.164593 | S2: 1.1634339 | AG2: 0 | AR2: 0
A3: 46027 | B3: 66.16 | C3: 77.35 | D3: 1.1691354 | E3: 1.1637248 | H3: 76.992036 | K3: 0.0046385915 | N3: 0 | O3: 0 | P3: 66.16 | Q3: 77.35 | R3: 1.1691354 | S3: 1.1634339 | V3: 76.972788 | Y3: 0.0048886214 | AC3: =LN(B3/B2) -> -0.008278816 | AD3: =LN(C3/C2) -> -0.0043859719
A4: 46028 | B4: 65.86 | C4: 77.47 | D4: 1.176283 | E4: 1.1637248 | H4: 76.642918 | K4: 0.010733553 | N4: 0 | O4: 0 | P4: 65.86 | Q4: 77.47 | R4: 1.176283 | S4: 1.1634339 | V4: 76.623758 | Y4: 0.010983583 | AC4: =LN(B4/B3) -> -0.0045447738 | AD4: =LN(C4/C3) -> 0.0015501876
A5: 46029 | B5: 65.23 | C5: 76.62 | D5: 1.1746129 | E5: 1.1637248 | H5: 75.909772 | K5: 0.0093127187 | N5: 0 | O5: 0 | P5: 65.23 | Q5: 76.62 | R5: 1.1746129 | S5: 1.1634339 | V5: 75.890794 | Y5: 0.0095627486 | AC5: =LN(B5/B4) -> -0.0096117911 | AD5: =LN(C5/C4) -> -0.011032625
A6: 46030 | B6: 66.61 | C6: 78.44 | D6: 1.177601 | E6: 1.1637248 | H6: 77.515712 | K6: 0.01185335 | N6: 0 | O6: 0 | P6: 66.61 | Q6: 78.44 | R6: 1.177601 | S6: 1.1634339 | V6: 77.496333 | Y6: 0.01210338 | AC6: =LN(B6/B5) -> 0.020935231 | AD6: =LN(C6/C5) -> 0.023475862
A7: 46031 | B7: 67.2 | C7: 79.25 | D7: 1.1793155 | E7: 1.1637248 | H7: 78.20231 | K7: 0.01330823 | N7: 0 | O7: 0 | P7: 67.2 | Q7: 79.25 | R7: 1.1793155 | S7: 1.1634339 | V7: 78.182759 | Y7: 0.01355826 | AC7: =LN(B7/B6) -> 0.0088185311 | AD7: =LN(C7/C6) -> 0.010273411
A8: 46034 | B8: 67.76 | C8: 80.18 | D8: 1.183294 | E8: 1.1637248 | H8: 78.853996 | K8: 0.016676122 | N8: 0 | O8: 0 | P8: 67.76 | Q8: 80.18 | R8: 1.183294 | S8: 1.1634339 | V8: 78.834282 | Y8: 0.016926152 | AC8: =LN(B8/B7) -> 0.0082988028 | AD8: =LN(C8/C7) -> 0.011666694
A9: 46035 | B9: 68.38 | C9: 81.11 | D9: 1.1861655 | E9: 1.1637248 | H9: 79.575505 | K9: 0.019099939 | N9: 0 | O9: 0 | P9: 68.38 | Q9: 81.11 | R9: 1.1861655 | S9: 1.1634339 | V9: 79.555611 | Y9: 0.019349969 | AC9: =LN(B9/B8) -> 0.0091083339 | AD9: =LN(C9/C8) -> 0.011532151 | AN9: =AVERAGE(AN22:AN200) -> 3.8526591e-05 | AY9: =AVERAGE(AY22:AY200) -> 0.00041749959 | BB9: =AVERAGE(BB22:BB200) -> 0.00045602618
A10: 46036 | B10: 69.39 | C10: 82.23 | D10: 1.1850411 | E10: 1.1637248 | H10: 80.750867 | K10: 0.018151499 | N10: 0 | O10: 0 | P10: 69.39 | Q10: 82.23 | R10: 1.1850411 | S10: 1.1634339 | V10: 80.730679 | Y10: 0.018401529 | AC10: =LN(B10/B9) -> 0.014662381 | AD10: =LN(C10/C9) -> 0.013713941 | AN10: =STDEV(AN22:AN200) -> 0.0023449359 | AY10: =STDEV(AY22:AY200) -> 0.002509213 | BB10: =STDEV(BB22:BB200) -> 0.0034296449
A11: 46037 | B11: 69.65 | C11: 82.37 | D11: 1.1826274 | E11: 1.1637248 | F11: 1.1778669 | H11: 81.053436 | K11: 0.016112658 | N11: 0 | O11: 0 | P11: 69.65 | Q11: 82.37 | R11: 1.1826274 | S11: 1.1634339 | T11: 1.1778669 | V11: 81.033172 | Y11: 0.016362688 | AC11: =LN(B11/B10) -> 0.0037399353 | AD11: =LN(C11/C10) -> 0.001701094 | AN11: =SQRT(252)*AN9/AN10 -> 0.26081338 | AY11: =SQRT(252)*AY9/AY10 -> 2.6413065 | BB11: =SQRT(252)*BB9/BB10 -> 2.1107699
A12: 46038 | B12: 69.33 | C12: 82.11 | D12: 1.1843358 | E12: 1.1637248 | F12: 1.1798412 | H12: 80.681044 | I12: 81.661511 | K12: 0.017556164 | L12: 0.0054770222 | N12: 0 | O12: 0 | P12: 69.33 | Q12: 82.11 | R12: 1.1843358 | S12: 1.1634339 | T12: 1.1798412 | V12: 80.660873 | W12: 81.661511 | Y12: 0.017806194 | Z12: 0.0054770222 | AC12: =LN(B12/B11) -> -0.0046049873 | AD12: =LN(C12/C11) -> -0.0031614812
A13: 46042 | B13: 69.59 | C13: 82.36 | D13: 1.1835034 | E13: 1.1637248 | F13: 1.181278 | H13: 80.983612 | I13: 82.105146 | K13: 0.016853069 | L13: 0.0030991837 | N13: 0 | O13: 0 | P13: 69.59 | Q13: 82.36 | R13: 1.1835034 | S13: 1.1634339 | T13: 1.181278 | V13: 80.963366 | W13: 82.105146 | Y13: 0.017103098 | Z13: 0.0030991837 | AC13: =LN(B13/B12) -> 0.0037431659 | AD13: =LN(C13/C12) -> 0.0030400704
A14: 46043 | B14: 69.65 | C14: 82.44 | D14: 1.1836324 | E14: 1.1637248 | F14: 1.1820129 | H14: 81.053436 | I14: 82.27601 | K14: 0.016962121 | L14: 0.0019911905 | N14: 0 | O14: 0 | P14: 69.65 | Q14: 82.44 | R14: 1.1836324 | S14: 1.1634339 | T14: 1.1820129 | V14: 81.033172 | W14: 82.27601 | Y14: 0.017212151 | Z14: 0.0019911905 | AC14: =LN(B14/B13) -> 0.00086182137 | AD14: =LN(C14/C13) -> 0.00097087386
A15: 46044 | B15: 69.84 | C15: 82.27 | D15: 1.1779782 | E15: 1.1637248 | F15: 1.1823494 | H15: 81.274543 | I15: 82.551781 | K15: 0.012173675 | L15: -0.0034192208 | N15: 0 | O15: 0 | P15: 69.84 | Q15: 82.27 | R15: 1.1779782 | S15: 1.1634339 | T15: 1.1823494 | V15: 81.254225 | W15: 82.551781 | Y15: 0.012423705 | Z15: -0.0034192208 | AC15: =LN(B15/B14) -> 0.0027242113 | AD15: =LN(C15/C14) -> -0.0020642348
A16: 46045 | B16: 70.4 | C16: 82.91 | D16: 1.1776989 | E16: 1.1637248 | F16: 1.1823592 | H16: 81.926229 | I16: 83.2374 | K16: 0.011936484 | L16: -0.0039410826 | N16: 0 | O16: 0 | P16: 70.4 | Q16: 82.91 | R16: 1.1776989 | S16: 1.1634339 | T16: 1.1823592 | V16: 81.905748 | W16: 83.2374 | Y16: 0.012186514 | Z16: -0.0039410826 | AC16: =LN(B16/B15) -> 0.0079863516 | AD16: =LN(C16/C15) -> 0.0077491609
A17: 46048 | B17: 70.56 | C17: 82.78 | D17: 1.1731859 | E17: 1.1637248 | F17: 1.1817463 | H17: 82.112425 | I17: 83.427267 | K17: 0.0080971398 | L17: -0.0077887073 | N17: 0 | O17: 0 | P17: 70.56 | Q17: 82.78 | R17: 1.1731859 | S17: 1.1634339 | T17: 1.1817463 | V17: 82.091897 | W17: 83.427267 | Y17: 0.0083471697 | Z17: -0.0077887073 | AC17: =LN(B17/B16) -> 0.0022701485 | AD17: =LN(C17/C16) -> -0.0015691958
A18: 46049 | B18: 70.78 | C18: 83.16 | D18: 1.1749082 | E18: 1.1637248 | F18: 1.1809077 | H18: 82.368445 | I18: 83.644001 | K18: 0.0095640533 | L18: -0.0058032438 | N18: 0 | O18: 0 | P18: 70.78 | Q18: 83.16 | R18: 1.1749082 | S18: 1.1634339 | T18: 1.1809077 | V18: 82.347853 | W18: 83.644001 | Y18: 0.0098140832 | Z18: -0.0058032438 | AC18: =LN(B18/B17) -> 0.0031130632 | AD18: =LN(C18/C17) -> 0.0045799767
A19: 46050 | B19: 70.32 | C19: 82.32 | D19: 1.1706485 | E19: 1.1637248 | F19: 1.179356 | H19: 81.833131 | I19: 83.041428 | K19: 0.0059319034 | L19: -0.0087255298 | N19: 0 | O19: 0 | P19: 70.32 | Q19: 82.32 | R19: 1.1706485 | S19: 1.1634339 | T19: 1.179356 | V19: 81.812673 | W19: 83.041428 | Y19: 0.0061819333 | Z19: -0.0087255298 | AC19: =LN(B19/B18) -> -0.0065202215 | AD19: =LN(C19/C18) -> -0.010152371
A20: 46051 | B20: 70.3 | C20: 82.13 | D20: 1.1682788 | E20: 1.1637248 | F20: 1.1776798 | H20: 81.809857 | I20: 82.908725 | K20: 0.0039056241 | L20: -0.0094369489 | N20: 0 | O20: 0 | P20: 70.3 | Q20: 82.13 | R20: 1.1682788 | S20: 1.1634339 | T20: 1.1776798 | V20: 81.789404 | W20: 82.908725 | Y20: 0.0041556541 | Z20: -0.0094369489 | AC20: =LN(B20/B19) -> -0.00028445456 | AD20: =LN(C20/C19) -> -0.0023107338
A21: 46052 | B21: 71.47 | C21: 83.51 | D21: 1.1684623 | E21: 1.1637248 | F21: 1.1762632 | G21: 1.1770651 | H21: 83.171415 | I21: 84.168772 | K21: 0.0040626691 | L21: -0.007857586 | N21: 0 | O21: 0 | P21: 71.47 | Q21: 83.51 | R21: 1.1684623 | S21: 1.1634339 | T21: 1.1762632 | U21: 1.1770651 | V21: 83.150622 | W21: 84.168772 | Y21: 0.0043126991 | Z21: -0.007857586 | AC21: =LN(B21/B20) -> 0.016505982 | AD21: =LN(C21/C20) -> 0.016663027 | AK21: 0 | AV21: 0
A22: 46055 | B22: 71.91 | C22: 84.5 | D22: 1.17508 | E22: 1.1637248 | F22: 1.1753377 | G22: 1.1775894 | H22: 83.683454 | I22: 84.585089 | J22: 84.642749 | K22: 0.0097102625 | L22: -0.0010064689 | M22: -0.0016879061 | N22: 0 | O22: 0 | P22: 71.91 | Q22: 84.5 | R22: 1.17508 | S22: 1.1634339 | T22: 1.1753377 | U22: 1.1775894 | V22: 83.662533 | W22: 84.585089 | X22: 84.642749 | Y22: 0.0099602924 | Z22: -0.0010064689 | AA22: -0.0016879061 | AC22: =LN(B22/B21) -> 0.0061375559 | AD22: =LN(C22/C21) -> 0.011785149 | AH22: =IF($AA22<AG$1,1,0) -> 0 | AI22: =IF($AA22>AG$2,1,0) -> 0 | AJ22: =AK21 -> 0 | AK22: =IF(AH21,1,IF(AI21,0,AJ21)) -> 0 | AL22: =-AK22*$AC22 -> 0 | AM22: =AK22*$AD22 -> 0 | AN22: =AL22+AM22 -> 0 | AO22: =AO21+AN22 -> 0 | AS22: =IF($AA22>AR$1,1,0) -> 0 | AT22: =IF($AA22<AR$2,1,0) -> 1 | AU22: =AV21 -> 0 | AV22: =IF(AS21,1,IF(AT21,0,AU21)) -> 0 | AW22: =AV22*$AC22 -> 0 | AX22: =-AV22*$AD22 -> 0 | AY22: =AW22+AX22 -> 0 | AZ22: =AZ21+AY22 -> 0 | BB22: =AN22+AY22 -> 0 | BC22: =BC21+BB22 -> 0
A23: 46056 | B23: 72.92 | C23: 85.87 | D23: 1.1775919 | E23: 1.1637248 | F23: 1.1747465 | G23: 1.1780122 | H23: 84.858816 | I23: 85.705622 | J23: 85.86982 | K23: 0.01184564 | L23: 0.0019161023 | M23: 2.1005907e-06 | N23: 0 | O23: 0 | P23: 72.92 | Q23: 85.87 | R23: 1.1775919 | S23: 1.1634339 | T23: 1.1747465 | U23: 1.1780122 | V23: 84.837601 | W23: 85.705622 | X23: 85.86982 | Y23: 0.01209567 | Z23: 0.0019161023 | AA23: 2.1005907e-06 | AC23: =LN(B23/B22) -> 0.013947613 | AD23: =LN(C23/C22) -> 0.01608299 | AH23: =IF(AA23<AG$1,1,0) -> 0 | AI23: =IF($AA23>AG$2,1,0) -> 1 | AJ23: =AK23 -> 0 | AK23: =IF(AH22,1,IF(AI22,0,AJ22)) -> 0 | AL23: =-AK23*$AC23 -> 0 | AM23: =AK23*$AD23 -> 0 | AN23: =AL23+AM23 -> 0 | AO23: =AO22+AN23 -> 0 | AS23: =IF($AA23>AR$1,1,0) -> 0 | AT23: =IF($AA23<AR$2,1,0) -> 0 | AU23: =AV22 -> 0 | AV23: =IF(AS22,1,IF(AT22,0,AU22)) -> 0 | AW23: =AV23*$AC23 -> 0 | AX23: =-AV23*$AD23 -> 0 | AY23: =AW23+AX23 -> 0 | AZ23: =AZ22+AY23 -> 0 | BB23: =AN23+AY23 -> 0 | BC23: =BC22+BB23 -> 0
A24: 46057 | B24: 73.4 | C24: 86.99 | D24: 1.1851499 | E24: 1.1637248 | F24: 1.1748982 | G24: 1.1784556 | H24: 85.417404 | I24: 86.226394 | J24: 86.466098 | K24: 0.018243299 | L24: 0.0088168493 | M24: 0.0060407663 | N24: 0 | O24: 0 | P24: 73.4 | Q24: 86.99 | R24: 1.1851499 | S24: 1.1634339 | T24: 1.1748982 | U24: 1.1784556 | V24: 85.396049 | W24: 86.226394 | X24: 86.466098 | Y24: 0.018493329 | Z24: 0.0088168493 | AA24: 0.0060407663 | AC24: =LN(B24/B23) -> 0.0065609858 | AD24: =LN(C24/C23) -> 0.012958645 | AH24: =IF(AA24<AG$1,1,0) -> 0 | AI24: =IF($AA24>AG$2,1,0) -> 1 | AJ24: =AK24 -> 0 | AK24: =IF(AH23,1,IF(AI23,0,AJ23)) -> 0 | AL24: =-AK24*$AC24 -> 0 | AM24: =AK24*$AD24 -> 0 | AN24: =AL24+AM24 -> 0 | AO24: =AO23+AN24 -> 0 | AS24: =IF($AA24>AR$1,1,0) -> 1 | AT24: =IF($AA24<AR$2,1,0) -> 0 | AU24: =AV23 -> 0 | AV24: =IF(AS23,1,IF(AT23,0,AU23)) -> 0 | AW24: =AV24*$AC24 -> 0 | AX24: =-AV24*$AD24 -> 0 | AY24: =AW24+AX24 -> 0 | AZ24: =AZ23+AY24 -> 0 | BB24: =AN24+AY24 -> 0 | BC24: =BC23+BB24 -> 0
A25: 46058 | B25: 74.48 | C25: 86.92 | D25: 1.1670247 | E25: 1.1637248 | F25: 1.1738029 | G25: 1.1780762 | H25: 86.674227 | I25: 87.506421 | J25: 87.771371 | K25: 0.0028315876 | L25: -0.0067240235 | M25: -0.0097472219 | N25: 0 | O25: 0 | P25: 74.48 | Q25: 86.92 | R25: 1.1670247 | S25: 1.1634339 | T25: 1.1738029 | U25: 1.1780762 | V25: 86.652558 | W25: 87.506421 | X25: 87.771371 | Y25: 0.0030816175 | Z25: -0.0067240235 | AA25: -0.0097472219 | AC25: =LN(B25/B24) -> 0.014606697 | AD25: =LN(C25/C24) -> -0.00080501413 | AH25: =IF(AA25<AG$1,1,0) -> 1 | AI25: =IF($AA25>AG$2,1,0) -> 0 | AJ25: =AK25 -> 0 | AK25: =IF(AH24,1,IF(AI24,0,AJ24)) -> 0 | AL25: =-AK25*$AC25 -> 0 | AM25: =AK25*$AD25 -> 0 | AN25: =AL25+AM25 -> 0 | AO25: =AO24+AN25 -> 0 | AS25: =IF($AA25>AR$1,1,0) -> 0 | AT25: =IF($AA25<AR$2,1,0) -> 1 | AU25: =AV24 -> 0 | AV25: =IF(AS24,1,IF(AT24,0,AU24)) -> 1 | AW25: =AV25*$AC25 -> 0.014606697 | AX25: =-AV25*$AD25 -> 0.00080501413 | AY25: =AW25+AX25 -> 0.015411711 | AZ25: =AZ24+AY25 -> 0.015411711 | BB25: =AN25+AY25 -> 0.015411711 | BC25: =BC24+BB25 -> 0.015411711
A26: 46059 | B26: 75.1 | C26: 87.94 | D26: 1.170972 | E26: 1.1637248 | F26: 1.1731302 | G26: 1.1777447 | H26: 87.395736 | I26: 88.152597 | J26: 88.47352 | K26: 0.0062082702 | L26: -0.0024146099 | M26: -0.006048532 | N26: 0 | O26: 0 | P26: 75.1 | Q26: 87.94 | R26: 1.170972 | S26: 1.1634339 | T26: 1.1731302 | U26: 1.1777447 | V26: 87.373887 | W26: 88.152597 | X26: 88.47352 | Y26: 0.0064583001 | Z26: -0.0024146099 | AA26: -0.006048532 | AC26: =LN(B26/B25) -> 0.0082899258 | AD26: =LN(C26/C25) -> 0.011666608 | AH26: =IF(AA26<AG$1,1,0) -> 1 | AI26: =IF($AA26>AG$2,1,0) -> 0 | AJ26: =AK26 -> 1 | AK26: =IF(AH25,1,IF(AI25,0,AJ25)) -> 1 | AL26: =-AK26*$AC26 -> -0.0082899258 | AM26: =AK26*$AD26 -> 0.011666608 | AN26: =AL26+AM26 -> 0.0033766826 | AO26: =AO25+AN26 -> 0.0033766826 | AS26: =IF($AA26>AR$1,1,0) -> 0 | AT26: =IF($AA26<AR$2,1,0) -> 1 | AU26: =AV25 -> 1 | AV26: =IF(AS25,1,IF(AT25,0,AU25)) -> 0 | AW26: =AV26*$AC26 -> 0 | AX26: =-AV26*$AD26 -> 0 | AY26: =AW26+AX26 -> 0 | AZ26: =AZ25+AY26 -> 0.015411711 | BB26: =AN26+AY26 -> 0.0033766826 | BC26: =BC25+BB26 -> 0.018788394
A27: 46062 | B27: 74.59 | C27: 87.43 | D27: 1.172141 | E27: 1.1637248 | F27: 1.1730257 | G27: 1.177386 | H27: 86.802236 | I27: 87.503782 | J27: 87.847978 | K27: 0.0072060884 | L27: -0.00084354767 | M27: -0.0047693289 | N27: 0 | O27: 0 | P27: 74.59 | Q27: 87.43 | R27: 1.172141 | S27: 1.1634339 | T27: 1.1730257 | U27: 1.177386 | V27: 86.780536 | W27: 87.503782 | X27: 87.847978 | Y27: 0.0074561183 | Z27: -0.00084354767 | AA27: -0.0047693289 | AC27: =LN(B27/B26) -> -0.0068141088 | AD27: =LN(C27/C26) -> -0.0058162906 | AH27: =IF(AA27<AG$1,1,0) -> 1 | AI27: =IF($AA27>AG$2,1,0) -> 0 | AJ27: =AK27 -> 1 | AK27: =IF(AH26,1,IF(AI26,0,AJ26)) -> 1 | AL27: =-AK27*$AC27 -> 0.0068141088 | AM27: =AK27*$AD27 -> -0.0058162906 | AN27: =AL27+AM27 -> 0.00099781824 | AO27: =AO26+AN27 -> 0.0043745008 | AS27: =IF($AA27>AR$1,1,0) -> 0 | AT27: =IF($AA27<AR$2,1,0) -> 1 | AU27: =AV26 -> 0 | AV27: =IF(AS26,1,IF(AT26,0,AU26)) -> 0 | AW27: =AV27*$AC27 -> 0 | AX27: =-AV27*$AD27 -> 0 | AY27: =AW27+AX27 -> 0 | AZ27: =AZ26+AY27 -> 0.015411711 | BB27: =AN27+AY27 -> 0.00099781824 | BC27: =BC26+BB27 -> 0.019786212
A28: 46063 | B28: 74.52 | C28: 87.15 | D28: 1.1694847 | E28: 1.1637248 | F28: 1.1724834 | G28: 1.1766955 | H28: 86.720776 | I28: 87.413877 | J28: 87.738804 | K28: 0.0049372914 | L28: -0.003023271 | M28: -0.0067334957 | N28: 0 | O28: 0 | P28: 74.52 | Q28: 87.15 | R28: 1.1694847 | S28: 1.1634339 | T28: 1.1724834 | U28: 1.1766955 | V28: 86.699095 | W28: 87.413877 | X28: 87.738804 | Y28: 0.0051873214 | Z28: -0.003023271 | AA28: -0.0067334957 | AC28: =LN(B28/B27) -> -0.00093890423 | AD28: =LN(C28/C27) -> -0.0032077012 | AH28: =IF(AA28<AG$1,1,0) -> 1 | AI28: =IF($AA28>AG$2,1,0) -> 0 | AJ28: =AK28 -> 1 | AK28: =IF(AH27,1,IF(AI27,0,AJ27)) -> 1 | AL28: =-AK28*$AC28 -> 0.00093890423 | AM28: =AK28*$AD28 -> -0.0032077012 | AN28: =AL28+AM28 -> -0.002268797 | AO28: =AO27+AN28 -> 0.0021057038 | AS28: =IF($AA28>AR$1,1,0) -> 0 | AT28: =IF($AA28<AR$2,1,0) -> 1 | AU28: =AV27 -> 0 | AV28: =IF(AS27,1,IF(AT27,0,AU27)) -> 0 | AW28: =AV28*$AC28 -> 0 | AX28: =-AV28*$AD28 -> 0 | AY28: =AW28+AX28 -> 0 | AZ28: =AZ27+AY28 -> 0.015411711 | BB28: =AN28+AY28 -> -0.002268797 | BC28: =BC27+BB28 -> 0.017517415
A29: 46064 | B29: 75.56 | C29: 88.4 | D29: 1.1699312 | E29: 1.1637248 | F29: 1.1724116 | G29: 1.1758838 | H29: 87.931049 | I29: 88.592844 | J29: 88.911114 | K29: 0.0053189922 | L29: -0.0021791151 | M29: -0.005765185 | N29: 0 | O29: 0 | P29: 75.56 | Q29: 88.4 | R29: 1.1699312 | S29: 1.1634339 | T29: 1.1724116 | U29: 1.1758838 | V29: 87.909067 | W29: 88.592844 | X29: 88.911114 | Y29: 0.0055690221 | Z29: -0.0021791151 | AA29: -0.005765185 | AC29: =LN(B29/B28) -> 0.013859497 | AD29: =LN(C29/C28) -> 0.014241198 | AH29: =IF(AA29<AG$1,1,0) -> 1 | AI29: =IF($AA29>AG$2,1,0) -> 0 | AJ29: =AK29 -> 1 | AK29: =IF(AH28,1,IF(AI28,0,AJ28)) -> 1 | AL29: =-AK29*$AC29 -> -0.013859497 | AM29: =AK29*$AD29 -> 0.014241198 | AN29: =AL29+AM29 -> 0.00038170078 | AO29: =AO28+AN29 -> 0.0024874046 | AS29: =IF($AA29>AR$1,1,0) -> 0 | AT29: =IF($AA29<AR$2,1,0) -> 1 | AU29: =AV28 -> 0 | AV29: =IF(AS28,1,IF(AT28,0,AU28)) -> 0 | AW29: =AV29*$AC29 -> 0 | AX29: =-AV29*$AD29 -> 0 | AY29: =AW29+AX29 -> 0 | AZ29: =AZ28+AY29 -> 0.015411711 | BB29: =AN29+AY29 -> 0.00038170078 | BC29: =BC28+BB29 -> 0.017899116
A30: 46065 | B30: 75.83 | C30: 89.21 | D30: 1.1764473 | E30: 1.1637248 | F30: 1.1732285 | G30: 1.1754541 | H30: 88.245255 | I30: 88.903975 | J30: 89.167269 | K30: 0.010873213 | L30: 0.0034362845 | M30: 0.00047910286 | N30: 0 | O30: 0 | P30: 75.83 | Q30: 89.21 | R30: 1.1764473 | S30: 1.1634339 | T30: 1.1732285 | U30: 1.1754541 | V30: 88.223194 | W30: 88.903975 | X30: 89.167269 | Y30: 0.011123243 | Z30: 0.0034362845 | AA30: 0.00047910286 | AC30: =LN(B30/B29) -> 0.0035669501 | AD30: =LN(C30/C29) -> 0.0091211713 | AH30: =IF(AA30<AG$1,1,0) -> 0 | AI30: =IF($AA30>AG$2,1,0) -> 1 | AJ30: =AK30 -> 1 | AK30: =IF(AH29,1,IF(AI29,0,AJ29)) -> 1 | AL30: =-AK30*$AC30 -> -0.0035669501 | AM30: =AK30*$AD30 -> 0.0091211713 | AN30: =AL30+AM30 -> 0.0055542212 | AO30: =AO29+AN30 -> 0.0080416258 | AS30: =IF($AA30>AR$1,1,0) -> 0 | AT30: =IF($AA30<AR$2,1,0) -> 0 | AU30: =AV29 -> 0 | AV30: =IF(AS29,1,IF(AT29,0,AU29)) -> 0 | AW30: =AV30*$AC30 -> 0 | AX30: =-AV30*$AD30 -> 0 | AY30: =AW30+AX30 -> 0 | AZ30: =AZ29+AY30 -> 0.015411711 | BB30: =AN30+AY30 -> 0.0055542212 | BC30: =BC29+BB30 -> 0.023453337
A31: 46066 | B31: 75.81 | C31: 89.51 | D31: 1.1807149 | E31: 1.1637248 | F31: 1.1744538 | G31: 1.1753585 | H31: 88.221981 | I31: 88.942452 | J31: 89.111177 | K31: 0.014494206 | L31: 0.0063607924 | M31: 0.0044655791 | N31: 0 | O31: 0 | P31: 75.81 | Q31: 89.51 | R31: 1.1807149 | S31: 1.1634339 | T31: 1.1744538 | U31: 1.1753585 | V31: 88.199925 | W31: 88.942452 | X31: 89.111177 | Y31: 0.014744236 | Z31: 0.0063607924 | AA31: 0.0044655791 | AC31: =LN(B31/B30) -> -0.00026378264 | AD31: =LN(C31/C30) -> 0.00335721 | AH31: =IF(AA31<AG$1,1,0) -> 0 | AI31: =IF($AA31>AG$2,1,0) -> 1 | AJ31: =AK31 -> 0 | AK31: =IF(AH30,1,IF(AI30,0,AJ30)) -> 0 | AL31: =-AK31*$AC31 -> 0 | AM31: =AK31*$AD31 -> 0 | AN31: =AL31+AM31 -> 0 | AO31: =AO30+AN31 -> 0.0080416258 | AS31: =IF($AA31>AR$1,1,0) -> 1 | AT31: =IF($AA31<AR$2,1,0) -> 0 | AU31: =AV30 -> 0 | AV31: =IF(AS30,1,IF(AT30,0,AU30)) -> 0 | AW31: =AV31*$AC31 -> 0 | AX31: =-AV31*$AD31 -> 0 | AY31: =AW31+AX31 -> 0 | AZ31: =AZ30+AY31 -> 0.015411711 | BB31: =AN31+AY31 -> 0 | BC31: =BC30+BB31 -> 0.023453337
A32: 46070 | B32: 75.07 | C32: 88.2 | D32: 1.1749034 | E32: 1.1637248 | F32: 1.1744361 | G32: 1.1748869 | H32: 87.360824 | I32: 88.166244 | J32: 88.234163 | K32: 0.0095600166 | L32: 0.00038279446 | M32: -0.00038725637 | N32: 0 | O32: 0 | P32: 75.07 | Q32: 88.2 | R32: 1.1749034 | S32: 1.1634339 | T32: 1.1744361 | U32: 1.1748869 | V32: 87.338984 | W32: 88.166244 | X32: 88.234163 | Y32: 0.0098100465 | Z32: 0.00038279446 | AA32: -0.00038725637 | AC32: =LN(B32/B31) -> -0.0098091985 | AD32: =LN(C32/C31) -> -0.014743388 | AH32: =IF(AA32<AG$1,1,0) -> 0 | AI32: =IF($AA32>AG$2,1,0) -> 0 | AJ32: =AK32 -> 0 | AK32: =IF(AH31,1,IF(AI31,0,AJ31)) -> 0 | AL32: =-AK32*$AC32 -> 0 | AM32: =AK32*$AD32 -> 0 | AN32: =AL32+AM32 -> 0 | AO32: =AO31+AN32 -> 0.0080416258 | AS32: =IF($AA32>AR$1,1,0) -> 0 | AT32: =IF($AA32<AR$2,1,0) -> 1 | AU32: =AV31 -> 0 | AV32: =IF(AS31,1,IF(AT31,0,AU31)) -> 1 | AW32: =AV32*$AC32 -> -0.0098091985 | AX32: =-AV32*$AD32 -> 0.014743388 | AY32: =AW32+AX32 -> 0.0049341894 | AZ32: =AZ31+AY32 -> 0.020345901 | BB32: =AN32+AY32 -> 0.0049341894 | BC32: =BC31+BB32 -> 0.028387527
A33: 46071 | B33: 75.11 | C33: 88.04 | D33: 1.1721475 | E33: 1.1637248 | F33: 1.1738917 | G33: 1.1743191 | H33: 87.407373 | I33: 88.211896 | J33: 88.245754 | K33: 0.0072116162 | L33: -0.0019505744 | M33: -0.0023343216 | N33: 0 | O33: 0 | P33: 75.11 | Q33: 88.04 | R33: 1.1721475 | S33: 1.1634339 | T33: 1.1738917 | U33: 1.1743191 | V33: 87.385521 | W33: 88.211896 | X33: 88.245754 | Y33: 0.0074616461 | Z33: -0.0019505744 | AA33: -0.0023343216 | AC33: =LN(B33/B32) -> 0.00053269411 | AD33: =LN(C33/C32) -> -0.0018157064 | AH33: =IF(AA33<AG$1,1,0) -> 0 | AI33: =IF($AA33>AG$2,1,0) -> 0 | AJ33: =AK33 -> 0 | AK33: =IF(AH32,1,IF(AI32,0,AJ32)) -> 0 | AL33: =-AK33*$AC33 -> 0 | AM33: =AK33*$AD33 -> 0 | AN33: =AL33+AM33 -> 0 | AO33: =AO32+AN33 -> 0.0080416258 | AS33: =IF($AA33>AR$1,1,0) -> 0 | AT33: =IF($AA33<AR$2,1,0) -> 1 | AU33: =AV32 -> 1 | AV33: =IF(AS32,1,IF(AT32,0,AU32)) -> 0 | AW33: =AV33*$AC33 -> 0 | AX33: =-AV33*$AD33 -> 0 | AY33: =AW33+AX33 -> 0 | AZ33: =AZ32+AY33 -> 0.020345901 | BB33: =AN33+AY33 -> 0 | BC33: =BC32+BB33 -> 0.028387527
A34: 46072 | B34: 75.04 | C34: 87.67 | D34: 1.1683102 | E34: 1.1637248 | F34: 1.1722077 | G34: 1.173553 | H34: 87.325912 | I34: 88.088831 | J34: 88.120904 | K34: 0.0039325261 | L34: -0.0047659844 | M34: -0.0051300203 | N34: 0 | O34: 0 | P34: 75.04 | Q34: 87.67 | R34: 1.1683102 | S34: 1.1634339 | T34: 1.1722077 | U34: 1.173553 | V34: 87.304081 | W34: 88.088831 | X34: 88.120904 | Y34: 0.004182556 | Z34: -0.0047659844 | AA34: -0.0051300203 | AC34: =LN(B34/B33) -> -0.000932401 | AD34: =LN(C34/C33) -> -0.0042114911 | AH34: =IF(AA34<AG$1,1,0) -> 1 | AI34: =IF($AA34>AG$2,1,0) -> 0 | AJ34: =AK34 -> 0 | AK34: =IF(AH33,1,IF(AI33,0,AJ33)) -> 0 | AL34: =-AK34*$AC34 -> 0 | AM34: =AK34*$AD34 -> 0 | AN34: =AL34+AM34 -> 0 | AO34: =AO33+AN34 -> 0.0080416258 | AS34: =IF($AA34>AR$1,1,0) -> 0 | AT34: =IF($AA34<AR$2,1,0) -> 1 | AU34: =AV33 -> 0 | AV34: =IF(AS33,1,IF(AT33,0,AU33)) -> 0 | AW34: =AV34*$AC34 -> 0 | AX34: =-AV34*$AD34 -> 0 | AY34: =AW34+AX34 -> 0 | AZ34: =AZ33+AY34 -> 0.020345901 | BB34: =AN34+AY34 -> 0 | BC34: =BC33+BB34 -> 0.028387527
... A156: 46248 | B156: 74.84 | C156: 86.09 | D156: 1.1503207 | E156: 1.1637248 | F156: 1.1459858 | G156: 1.1398848 | H156: 87.093167 | I156: 85.675238 | J156: 85.267393 | K156: -0.011585176 | L156: 0.0048294157 | M156: 0.0096011469 | N156: 0 | O156: 0 | P156: 74.84 | Q156: 86.09 | R156: 1.1503207 | S156: 1.1634339 | T156: 1.1459858 | U156: 1.1398848 | V156: 87.071394 | W156: 85.675238 | X156: 85.267393 | Y156: -0.011335146 | Z156: 0.0048294157 | AA156: 0.0096011469 | AC156: =LN(B156/B155) -> 0.005493415 | AD156: =LN(C156/C155) -> 0.0010459644 | AH156: =IF(AA156<AG$1,1,0) -> 0 | AI156: =IF($AA156>AG$2,1,0) -> 1 | AJ156: =AK156 -> 0 | AK156: =IF(AH155,1,IF(AI155,0,AJ155)) -> 0 | AL156: =-AK156*$AC156 -> 0 | AM156: =AK156*$AD156 -> 0 | AN156: =AL156+AM156 -> 0 | AO156: =AO155+AN156 -> 0.0052010897 | AS156: =IF($AA156>AR$1,1,0) -> 1 | AT156: =IF($AA156<AR$2,1,0) -> 0 | AU156: =AV155 -> 1 | AV156: =IF(AS155,1,IF(AT155,0,AU155)) -> 1 | AW156: =AV156*$AC156 -> 0.005493415 | AX156: =-AV156*$AD156 -> -0.0010459644 | AY156: =AW156+AX156 -> 0.0044474506 | AZ156: =AZ155+AY156 -> 0.056362445 | BB156: =AN156+AY156 -> 0.0044474506 | BC156: =BC155+BB156 -> 0.061563535

Sheet XLRE_IYR
A1: date | B1: XLRE | C1: IYR | D1: IYR/XLRE | E1: IYR/XLRE avg | F1: IYR/XLRE 10 dma | G1: IYR/XLRE 20 dma | H1: XLRE avg | I1: XLRE 10 dma | J1: XLRE 20 dma | K1: avg diff | L1: 10 dma diff | M1: 20 dma diff | N1: XLRE div | O1: IYR div | P1: XLRE* | Q1: IYR* | R1: IYR*/XLRE* | S1: IYR*/XLRE* avg | T1: IYR*/XLRE* 10 dma | U1: IYR*/XLRE* 20 dma | V1: XLRE* avg | W1: XLRE* 10 dma | X1: XLRE* 20 dma | Y1: avg diff* | Z1: 10 dma diff* | AA1: 20 dma diff* | AC1: =_xlfn.CONCAT(B1," rtn") -> XLRE rtn | AD1: =_xlfn.CONCAT(C1," rtn") -> IYR rtn | AF1: signal | AG1: -0.002 | AH1: under | AI1: over | AJ1: yday | AK1: position | AO1: =AO156 -> 0.0036259411 | AQ1: signal | AR1: 0.002 | AS1: over | AT1: under | AU1: yday | AV1: position | AZ1: =AZ156 -> -0.0036650495 | BC1: =BC156 -> -3.9108352e-05
A2: 46024 | B2: 40.38 | C2: 93.99 | D2: 2.3276374 | E2: 2.3160736 | N2: 0 | O2: 0 | P2: 40.38 | Q2: 93.99 | R2: 2.3276374 | S2: 2.3165396 | AG2: 0 | AR2: 0
A3: 46027 | B3: 40.43 | C3: 94.13 | D3: 2.3282216 | E3: 2.3160736 | H3: 93.638855 | K3: 0.0052313917 | N3: 0 | O3: 0 | P3: 40.43 | Q3: 94.13 | R3: 2.3282216 | S3: 2.3165396 | V3: 93.657694 | Y3: 0.0050302204 | AC3: =LN(B3/B2) -> 0.0012374708 | AD3: =LN(C3/C2) -> 0.0014884119
A4: 46028 | B4: 40.7 | C4: 94.79 | D4: 2.3289926 | E4: 2.3160736 | H4: 94.264195 | K4: 0.0055624958 | N4: 0 | O4: 0 | P4: 40.7 | Q4: 94.79 | R4: 2.3289926 | S4: 2.3165396 | V4: 94.28316 | Y4: 0.0053613245 | AC4: =LN(B4/B3) -> 0.0066560088 | AD4: =LN(C4/C3) -> 0.0069871129
A5: 46029 | B5: 40.14 | C5: 93.78 | D5: 2.3363229 | E5: 2.3160736 | H5: 92.967194 | K5: 0.00870494 | N5: 0 | O5: 0 | P5: 40.14 | Q5: 93.78 | R5: 2.3363229 | S5: 2.3165396 | V5: 92.985898 | Y5: 0.0085037688 | AC5: =LN(B5/B4) -> -0.013854749 | AD5: =LN(C5/C4) -> -0.010712305
A6: 46030 | B6: 40.44 | C6: 94.58 | D6: 2.3387735 | E6: 2.3160736 | H6: 93.662016 | K6: 0.0097533128 | N6: 0 | O6: 0 | P6: 40.44 | Q6: 94.58 | R6: 2.3387735 | S6: 2.3165396 | V6: 93.68086 | Y6: 0.0095521416 | AC6: =LN(B6/B5) -> 0.0074460508 | AD6: =LN(C6/C5) -> 0.0084944236
A7: 46031 | B7: 40.5 | C7: 94.74 | D7: 2.3392593 | E7: 2.3160736 | H7: 93.80098 | K7: 0.0099609931 | N7: 0 | O7: 0 | P7: 40.5 | Q7: 94.74 | R7: 2.3392593 | S7: 2.3165396 | V7: 93.819852 | Y7: 0.0097598219 | AC7: =LN(B7/B6) -> 0.00148258 | AD7: =LN(C7/C6) -> 0.0016902603
A8: 46034 | B8: 40.62 | C8: 94.89 | D8: 2.3360414 | E8: 2.3160736 | H8: 94.078909 | K8: 0.0085844396 | N8: 0 | O8: 0 | P8: 40.62 | Q8: 94.89 | R8: 2.3360414 | S8: 2.3165396 | V8: 94.097837 | Y8: 0.0083832683 | AC8: =LN(B8/B7) -> 0.002958582 | AD8: =LN(C8/C7) -> 0.0015820285
A9: 46035 | B9: 40.93 | C9: 95.43 | D9: 2.3315417 | E9: 2.3160736 | H9: 94.796892 | K9: 0.0066563737 | N9: 0 | O9: 0 | P9: 40.93 | Q9: 95.43 | R9: 2.3315417 | S9: 2.3165396 | V9: 94.815964 | Y9: 0.0064552024 | AC9: =LN(B9/B8) -> 0.0076027344 | AD9: =LN(C9/C8) -> 0.0056746684 | AN9: =AVERAGE(AN22:AN200) -> 2.6858823e-05 | AY9: =AVERAGE(AY22:AY200) -> -2.7148515e-05 | BB9: =AVERAGE(BB22:BB200) -> -2.896915e-07
A10: 46036 | B10: 41.39 | C10: 96.35 | D10: 2.327857 | E10: 2.3160736 | H10: 95.862286 | K10: 0.0050747589 | N10: 0 | O10: 0 | P10: 41.39 | Q10: 96.35 | R10: 2.327857 | S10: 2.3165396 | V10: 95.881572 | Y10: 0.0048735876 | AC10: =LN(B10/B9) -> 0.011176015 | AD10: =LN(C10/C9) -> 0.0095944004 | AN10: =STDEV(AN22:AN200) -> 0.00083870333 | AY10: =STDEV(AY22:AY200) -> 0.00065158275 | BB10: =STDEV(BB22:BB200) -> 0.0010627571
A11: 46037 | B11: 41.7 | C11: 97.03 | D11: 2.3268585 | E11: 2.3160736 | F11: 2.3321506 | H11: 96.580268 | K11: 0.00464575 | N11: 0 | O11: 0 | P11: 41.7 | Q11: 97.03 | R11: 2.3268585 | S11: 2.3165396 | T11: 2.3321506 | V11: 96.599699 | Y11: 0.0044445787 | AC11: =LN(B11/B10) -> 0.007461823 | AD11: =LN(C11/C10) -> 0.0070328142 | AN11: =SQRT(252)*AN9/AN10 -> 0.50836879 | AY11: =SQRT(252)*AY9/AY10 -> -0.66141914 | BB11: =SQRT(252)*BB9/BB10 -> -0.0043271506
A12: 46038 | B12: 42.21 | C12: 98.31 | D12: 2.3290689 | E12: 2.3160736 | F12: 2.3322937 | H12: 97.761466 | I12: 98.440076 | K12: 0.0055952613 | L12: -0.0013222465 | N12: 0 | O12: 0 | P12: 42.21 | Q12: 98.31 | R12: 2.3290689 | S12: 2.3165396 | T12: 2.3322937 | V12: 97.781135 | W12: 98.440076 | Y12: 0.0053940901 | Z12: -0.0013222465 | AC12: =LN(B12/B11) -> 0.012156031 | AD12: =LN(C12/C11) -> 0.013105542
A13: 46042 | B13: 41.4 | C13: 96.41 | D13: 2.328744 | E13: 2.3160736 | F13: 2.332346 | H13: 95.885446 | I13: 96.55696 | K13: 0.0054557196 | L13: -0.0015231673 | N13: 0 | O13: 0 | P13: 41.4 | Q13: 96.41 | R13: 2.328744 | S13: 2.3165396 | T13: 2.332346 | V13: 95.904738 | W13: 96.55696 | Y13: 0.0052545484 | Z13: -0.0015231673 | AC13: =LN(B13/B12) -> -0.019376279 | AD13: =LN(C13/C12) -> -0.019515821
A14: 46043 | B14: 41.55 | C14: 96.65 | D14: 2.3261131 | E14: 2.3160736 | F14: 2.332058 | H14: 96.232857 | I14: 96.908975 | K14: 0.0043253541 | L14: -0.0026759287 | N14: 0 | O14: 0 | P14: 41.55 | Q14: 96.65 | R14: 2.3261131 | S14: 2.3165396 | T14: 2.332058 | V14: 96.252219 | W14: 96.908975 | Y14: 0.0041241829 | Z14: -0.0026759287 | AC14: =LN(B14/B13) -> 0.0036166405 | AD14: =LN(C14/C13) -> 0.002486275
A15: 46044 | B15: 41.14 | C15: 95.76 | D15: 2.3276616 | E15: 2.3160736 | F15: 2.3311919 | H15: 95.283267 | I15: 95.940867 | K15: 0.0049908468 | L15: -0.0018869685 | N15: 0 | O15: 0 | P15: 41.14 | Q15: 95.76 | R15: 2.3276616 | S15: 2.3165396 | T15: 2.3311919 | V15: 95.302437 | W15: 95.940867 | Y15: 0.0047896755 | Z15: -0.0018869685 | AC15: =LN(B15/B14) -> -0.0099166371 | AD15: =LN(C15/C14) -> -0.0092511444
A16: 46045 | B16: 41.25 | C16: 96.04 | D16: 2.3282424 | E16: 2.3160736 | F16: 2.3301388 | H16: 95.538035 | I16: 96.161666 | K16: 0.0052403283 | L16: -0.0012660195 | N16: 0 | O16: 0 | P16: 41.25 | Q16: 96.04 | R16: 2.3282424 | S16: 2.3165396 | T16: 2.3301388 | V16: 95.557257 | W16: 96.161666 | Y16: 0.0050391571 | Z16: -0.0012660195 | AC16: =LN(B16/B15) -> 0.0026702286 | AD16: =LN(C16/C15) -> 0.0029197101
A17: 46048 | B17: 41.22 | C17: 95.94 | D17: 2.3275109 | E17: 2.3160736 | F17: 2.328964 | H17: 95.468553 | I17: 96.048321 | K17: 0.0049260904 | L17: -0.0011284093 | N17: 0 | O17: 0 | P17: 41.22 | Q17: 95.94 | R17: 2.3275109 | S17: 2.3165396 | T17: 2.328964 | V17: 95.48776 | W17: 96.048321 | Y17: 0.0047249191 | Z17: -0.0011284093 | AC17: =LN(B17/B16) -> -0.00072753732 | AD17: =LN(C17/C16) -> -0.0010417753
A18: 46049 | B18: 41.25 | C18: 96.03 | D18: 2.328 | E18: 2.3160736 | F18: 2.3281598 | H18: 95.538035 | I18: 96.069763 | K18: 0.0051361996 | L18: -0.00041398227 | N18: 0 | O18: 0 | P18: 41.25 | Q18: 96.03 | R18: 2.328 | S18: 2.3165396 | T18: 2.3281598 | V18: 95.557257 | W18: 96.069763 | Y18: 0.0049350284 | Z18: -0.00041398227 | AC18: =LN(B18/B17) -> 0.00072753732 | AD18: =LN(C18/C17) -> 0.00093764658
A19: 46050 | B19: 40.85 | C19: 95.08 | D19: 2.3275398 | E19: 2.3160736 | F19: 2.3277596 | H19: 94.611606 | I19: 95.105328 | K19: 0.0049384909 | L19: -0.0002663551 | N19: 0 | O19: 0 | P19: 40.85 | Q19: 95.08 | R19: 2.3275398 | S19: 2.3165396 | T19: 2.3277596 | V19: 94.630641 | W19: 95.105328 | Y19: 0.0047373197 | Z19: -0.0002663551 | AC19: =LN(B19/B18) -> -0.0097442915 | AD19: =LN(C19/C18) -> -0.0099420002
A20: 46051 | B20: 41.37 | C20: 96.27 | D20: 2.3270486 | E20: 2.3160736 | F20: 2.3276788 | H20: 95.815964 | I20: 96.299416 | K20: 0.0047274331 | L20: -0.00030550807 | N20: 0 | O20: 0 | P20: 41.37 | Q20: 96.27 | R20: 2.3270486 | S20: 2.3165396 | T20: 2.3276788 | V20: 95.835241 | W20: 96.299416 | Y20: 0.0045262618 | Z20: -0.00030550807 | AC20: =LN(B20/B19) -> 0.012649159 | AD20: =LN(C20/C19) -> 0.012438101
A21: 46052 | B21: 41.43 | C21: 96.21 | D21: 2.3222303 | E21: 2.3160736 | F21: 2.327216 | G21: 2.3296833 | H21: 95.954928 | I21: 96.435732 | K21: 0.002654716 | L21: -0.0023434965 | N21: 0 | O21: 0 | P21: 41.43 | Q21: 96.21 | R21: 2.3222303 | S21: 2.3165396 | T21: 2.327216 | U21: 2.3296833 | V21: 95.974234 | W21: 96.435732 | Y21: 0.0024535448 | Z21: -0.0023434965 | AC21: =LN(B21/B20) -> 0.0014492756 | AD21: =LN(C21/C20) -> -0.00062344142 | AK21: 0 | AV21: 0
A22: 46055 | B22: 40.96 | C22: 95.23 | D22: 2.3249512 | E22: 2.3160736 | F22: 2.3268042 | G22: 2.329549 | H22: 94.866374 | I22: 95.322766 | J22: 95.423827 | K22: 0.0038257072 | L22: -0.00097365032 | M22: -0.0020332863 | N22: 0 | O22: 0 | P22: 40.96 | Q22: 95.23 | R22: 2.3249512 | S22: 2.3165396 | T22: 2.3268042 | U22: 2.329549 | V22: 94.88546 | W22: 95.322766 | X22: 95.423827 | Y22: 0.003624536 | Z22: -0.00097365032 | AA22: -0.0020332863 | AC22: =LN(B22/B21) -> -0.011409275 | AD22: =LN(C22/C21) -> -0.010238284 | AH22: =IF($AA22<AG$1,1,0) -> 1 | AI22: =IF($AA22>AG$2,1,0) -> 0 | AJ22: =AK21 -> 0 | AK22: =IF(AH21,1,IF(AI21,0,AJ21)) -> 0 | AL22: =-AK22*$AC22 -> 0 | AM22: =AK22*$AD22 -> 0 | AN22: =AL22+AM22 -> 0 | AO22: =AO21+AN22 -> 0 | AS22: =IF($AA22>AR$1,1,0) -> 0 | AT22: =IF($AA22<AR$2,1,0) -> 1 | AU22: =AV21 -> 0 | AV22: =IF(AS21,1,IF(AT21,0,AU21)) -> 0 | AW22: =AV22*$AC22 -> 0 | AX22: =-AV22*$AD22 -> 0 | AY22: =AW22+AX22 -> 0 | AZ22: =AZ21+AY22 -> 0 | BB22: =AN22+AY22 -> 0 | BC22: =BC21+BB22 -> 0
A23: 46056 | B23: 40.81 | C23: 95 | D23: 2.3278608 | E23: 2.3160736 | F23: 2.3267159 | G23: 2.3295309 | H23: 94.518963 | I23: 94.956879 | J23: 95.068893 | K23: 0.0050764119 | L23: 0.00045400975 | M23: -0.00072492673 | N23: 0 | O23: 0 | P23: 40.81 | Q23: 95 | R23: 2.3278608 | S23: 2.3165396 | T23: 2.3267159 | U23: 2.3295309 | V23: 94.537979 | W23: 94.956879 | X23: 95.068893 | Y23: 0.0048752407 | Z23: 0.00045400975 | AA23: -0.00072492673 | AC23: =LN(B23/B22) -> -0.0036688313 | AD23: =LN(C23/C22) -> -0.0024181266 | AH23: =IF(AA23<AG$1,1,0) -> 0 | AI23: =IF($AA23>AG$2,1,0) -> 0 | AJ23: =AK23 -> 1 | AK23: =IF(AH22,1,IF(AI22,0,AJ22)) -> 1 | AL23: =-AK23*$AC23 -> 0.0036688313 | AM23: =AK23*$AD23 -> -0.0024181266 | AN23: =AL23+AM23 -> 0.0012507047 | AO23: =AO22+AN23 -> 0.0012507047 | AS23: =IF($AA23>AR$1,1,0) -> 0 | AT23: =IF($AA23<AR$2,1,0) -> 1 | AU23: =AV22 -> 0 | AV23: =IF(AS22,1,IF(AT22,0,AU22)) -> 0 | AW23: =AV23*$AC23 -> 0 | AX23: =-AV23*$AD23 -> 0 | AY23: =AW23+AX23 -> 0 | AZ23: =AZ22+AY23 -> 0 | BB23: =AN23+AY23 -> 0.0012507047 | BC23: =BC22+BB23 -> 0.0012507047
A24: 46057 | B24: 41.46 | C24: 96.36 | D24: 2.3241679 | E24: 2.3160736 | F24: 2.3265213 | G24: 2.3292897 | H24: 96.024411 | I24: 96.46564 | J24: 96.582352 | K24: 0.0034887405 | L24: -0.0010957058 | M24: -0.0023048542 | N24: 0 | O24: 0 | P24: 41.46 | Q24: 96.36 | R24: 2.3241679 | S24: 2.3165396 | T24: 2.3265213 | U24: 2.3292897 | V24: 96.04373 | W24: 96.46564 | X24: 96.582352 | Y24: 0.0032875692 | Z24: -0.0010957058 | AA24: -0.0023048542 | AC24: =LN(B24/B23) -> 0.015801958 | AD24: =LN(C24/C23) -> 0.014214286 | AH24: =IF(AA24<AG$1,1,0) -> 1 | AI24: =IF($AA24>AG$2,1,0) -> 0 | AJ24: =AK24 -> 1 | AK24: =IF(AH23,1,IF(AI23,0,AJ23)) -> 1 | AL24: =-AK24*$AC24 -> -0.015801958 | AM24: =AK24*$AD24 -> 0.014214286 | AN24: =AL24+AM24 -> -0.0015876714 | AO24: =AO23+AN24 -> -0.00033696674 | AS24: =IF($AA24>AR$1,1,0) -> 0 | AT24: =IF($AA24<AR$2,1,0) -> 1 | AU24: =AV23 -> 0 | AV24: =IF(AS23,1,IF(AT23,0,AU23)) -> 0 | AW24: =AV24*$AC24 -> 0 | AX24: =-AV24*$AD24 -> 0 | AY24: =AW24+AX24 -> 0 | AZ24: =AZ23+AY24 -> 0 | BB24: =AN24+AY24 -> -0.0015876714 | BC24: =BC23+BB24 -> -0.00033696674
A25: 46058 | B25: 41.23 | C25: 96.14 | D25: 2.3317972 | E25: 2.3160736 | F25: 2.3269349 | G25: 2.3290634 | H25: 95.491714 | I25: 95.922475 | J25: 96.036614 | K25: 0.0067659855 | L25: 0.0022651474 | M25: 0.0010759526 | N25: 0 | O25: 0 | P25: 41.23 | Q25: 96.14 | R25: 2.3317972 | S25: 2.3165396 | T25: 2.3269349 | U25: 2.3290634 | V25: 95.510926 | W25: 95.922475 | X25: 96.036614 | Y25: 0.0065648143 | Z25: 0.0022651474 | AA25: 0.0010759526 | AC25: =LN(B25/B24) -> -0.0055629603 | AD25: =LN(C25/C24) -> -0.0022857153 | AH25: =IF(AA25<AG$1,1,0) -> 0 | AI25: =IF($AA25>AG$2,1,0) -> 1 | AJ25: =AK25 -> 1 | AK25: =IF(AH24,1,IF(AI24,0,AJ24)) -> 1 | AL25: =-AK25*$AC25 -> 0.0055629603 | AM25: =AK25*$AD25 -> -0.0022857153 | AN25: =AL25+AM25 -> 0.003277245 | AO25: =AO24+AN25 -> 0.0029402783 | AS25: =IF($AA25>AR$1,1,0) -> 0 | AT25: =IF($AA25<AR$2,1,0) -> 0 | AU25: =AV24 -> 0 | AV25: =IF(AS24,1,IF(AT24,0,AU24)) -> 0 | AW25: =AV25*$AC25 -> 0 | AX25: =-AV25*$AD25 -> 0 | AY25: =AW25+AX25 -> 0 | AZ25: =AZ24+AY25 -> 0 | BB25: =AN25+AY25 -> 0.003277245 | BC25: =BC24+BB25 -> 0.0029402783
A26: 46059 | B26: 41.99 | C26: 97.66 | D26: 2.3257919 | E26: 2.3160736 | F26: 2.3266899 | G26: 2.3284143 | H26: 97.25193 | I26: 97.707997 | J26: 97.797372 | K26: 0.0041872337 | L26: -0.00049134718 | M26: -0.0014056483 | N26: 0 | O26: 0 | P26: 41.99 | Q26: 97.66 | R26: 2.3257919 | S26: 2.3165396 | T26: 2.3266899 | U26: 2.3284143 | V26: 97.271496 | W26: 97.707997 | X26: 97.797372 | Y26: 0.0039860624 | Z26: -0.00049134718 | AA26: -0.0014056483 | AC26: =LN(B26/B25) -> 0.018265348 | AD26: =LN(C26/C25) -> 0.015686596 | AH26: =IF(AA26<AG$1,1,0) -> 0 | AI26: =IF($AA26>AG$2,1,0) -> 0 | AJ26: =AK26 -> 0 | AK26: =IF(AH25,1,IF(AI25,0,AJ25)) -> 0 | AL26: =-AK26*$AC26 -> 0 | AM26: =AK26*$AD26 -> 0 | AN26: =AL26+AM26 -> 0 | AO26: =AO25+AN26 -> 0.0029402783 | AS26: =IF($AA26>AR$1,1,0) -> 0 | AT26: =IF($AA26<AR$2,1,0) -> 1 | AU26: =AV25 -> 0 | AV26: =IF(AS25,1,IF(AT25,0,AU25)) -> 0 | AW26: =AV26*$AC26 -> 0 | AX26: =-AV26*$AD26 -> 0 | AY26: =AW26+AX26 -> 0 | AZ26: =AZ25+AY26 -> 0 | BB26: =AN26+AY26 -> 0 | BC26: =BC25+BB26 -> 0.0029402783
A27: 46062 | B27: 42.25 | C27: 98.06 | D27: 2.3209467 | E27: 2.3160736 | F27: 2.3260334 | G27: 2.3274987 | H27: 97.854109 | I27: 98.302646 | J27: 98.375505 | K27: 0.0021018522 | L27: -0.00247141 | M27: -0.003212303 | N27: 0 | O27: 0 | P27: 42.25 | Q27: 98.06 | R27: 2.3209467 | S27: 2.3165396 | T27: 2.3260334 | U27: 2.3274987 | V27: 97.873796 | W27: 98.302646 | X27: 98.375505 | Y27: 0.0019006809 | Z27: -0.00247141 | AA27: -0.003212303 | AC27: =LN(B27/B26) -> 0.0061728591 | AD27: =LN(C27/C26) -> 0.0040874776 | AH27: =IF(AA27<AG$1,1,0) -> 1 | AI27: =IF($AA27>AG$2,1,0) -> 0 | AJ27: =AK27 -> 0 | AK27: =IF(AH26,1,IF(AI26,0,AJ26)) -> 0 | AL27: =-AK27*$AC27 -> 0 | AM27: =AK27*$AD27 -> 0 | AN27: =AL27+AM27 -> 0 | AO27: =AO26+AN27 -> 0.0029402783 | AS27: =IF($AA27>AR$1,1,0) -> 0 | AT27: =IF($AA27<AR$2,1,0) -> 1 | AU27: =AV26 -> 0 | AV27: =IF(AS26,1,IF(AT26,0,AU26)) -> 0 | AW27: =AV27*$AC27 -> 0 | AX27: =-AV27*$AD27 -> 0 | AY27: =AW27+AX27 -> 0 | AZ27: =AZ26+AY27 -> 0 | BB27: =AN27+AY27 -> 0 | BC27: =BC26+BB27 -> 0.0029402783
A28: 46063 | B28: 42.84 | C28: 99.32 | D28: 2.318394 | E28: 2.3160736 | F28: 2.3250728 | G28: 2.3266163 | H28: 99.220592 | I28: 99.647272 | J28: 99.710044 | K28: 0.0010013848 | L28: -0.0032897126 | M28: -0.003919453 | N28: 0 | O28: 0 | P28: 42.84 | Q28: 99.32 | R28: 2.318394 | S28: 2.3165396 | T28: 2.3250728 | U28: 2.3266163 | V28: 99.240555 | W28: 99.647272 | X28: 99.710044 | Y28: 0.00080021357 | Z28: -0.0032897126 | AA28: -0.003919453 | AC28: =LN(B28/B27) -> 0.013867892 | AD28: =LN(C28/C27) -> 0.012767424 | AH28: =IF(AA28<AG$1,1,0) -> 1 | AI28: =IF($AA28>AG$2,1,0) -> 0 | AJ28: =AK28 -> 1 | AK28: =IF(AH27,1,IF(AI27,0,AJ27)) -> 1 | AL28: =-AK28*$AC28 -> -0.013867892 | AM28: =AK28*$AD28 -> 0.012767424 | AN28: =AL28+AM28 -> -0.0011004674 | AO28: =AO27+AN28 -> 0.0018398109 | AS28: =IF($AA28>AR$1,1,0) -> 0 | AT28: =IF($AA28<AR$2,1,0) -> 1 | AU28: =AV27 -> 0 | AV28: =IF(AS27,1,IF(AT27,0,AU27)) -> 0 | AW28: =AV28*$AC28 -> 0 | AX28: =-AV28*$AD28 -> 0 | AY28: =AW28+AX28 -> 0 | AZ28: =AZ27+AY28 -> 0 | BB28: =AN28+AY28 -> -0.0011004674 | BC28: =BC27+BB28 -> 0.0018398109
A29: 46064 | B29: 42.8 | C29: 98.93 | D29: 2.3114486 | E29: 2.3160736 | F29: 2.3234637 | G29: 2.3256117 | H29: 99.127949 | I29: 99.513117 | J29: 99.579179 | K29: -0.0019989035 | L29: -0.005876939 | M29: -0.0065405643 | N29: 0 | O29: 0 | P29: 42.8 | Q29: 98.93 | R29: 2.3114486 | S29: 2.3165396 | T29: 2.3234637 | U29: 2.3256117 | V29: 99.147893 | W29: 99.513117 | X29: 99.579179 | Y29: -0.0022000747 | Z29: -0.005876939 | AA29: -0.0065405643 | AC29: =LN(B29/B28) -> -0.00093414299 | AD29: =LN(C29/C28) -> -0.0039344313 | AH29: =IF(AA29<AG$1,1,0) -> 1 | AI29: =IF($AA29>AG$2,1,0) -> 0 | AJ29: =AK29 -> 1 | AK29: =IF(AH28,1,IF(AI28,0,AJ28)) -> 1 | AL29: =-AK29*$AC29 -> 0.00093414299 | AM29: =AK29*$AD29 -> -0.0039344313 | AN29: =AL29+AM29 -> -0.0030002883 | AO29: =AO28+AN29 -> -0.0011604774 | AS29: =IF($AA29>AR$1,1,0) -> 0 | AT29: =IF($AA29<AR$2,1,0) -> 1 | AU29: =AV28 -> 0 | AV29: =IF(AS28,1,IF(AT28,0,AU28)) -> 0 | AW29: =AV29*$AC29 -> 0 | AX29: =-AV29*$AD29 -> 0 | AY29: =AW29+AX29 -> 0 | AZ29: =AZ28+AY29 -> 0 | BB29: =AN29+AY29 -> -0.0030002883 | BC29: =BC28+BB29 -> -0.0011604774
A30: 46065 | B30: 42.87 | C30: 98.87 | D30: 2.3062748 | E30: 2.3160736 | F30: 2.3213863 | G30: 2.3245326 | H30: 99.290074 | I30: 99.60689 | J30: 99.698972 | K30: -0.004239755 | L30: -0.0074254787 | M30: -0.0083495139 | N30: 0 | O30: 0 | P30: 42.87 | Q30: 98.87 | R30: 2.3062748 | S30: 2.3165396 | T30: 2.3213863 | U30: 2.3245326 | V30: 99.310051 | W30: 99.60689 | X30: 99.698972 | Y30: -0.0044409262 | Z30: -0.0074254787 | AA30: -0.0083495139 | AC30: =LN(B30/B29) -> 0.001634178 | AD30: =LN(C30/C29) -> -0.00060667343 | AH30: =IF(AA30<AG$1,1,0) -> 1 | AI30: =IF($AA30>AG$2,1,0) -> 0 | AJ30: =AK30 -> 1 | AK30: =IF(AH29,1,IF(AI29,0,AJ29)) -> 1 | AL30: =-AK30*$AC30 -> -0.001634178 | AM30: =AK30*$AD30 -> -0.00060667343 | AN30: =AL30+AM30 -> -0.0022408514 | AO30: =AO29+AN30 -> -0.0034013288 | AS30: =IF($AA30>AR$1,1,0) -> 0 | AT30: =IF($AA30<AR$2,1,0) -> 1 | AU30: =AV29 -> 0 | AV30: =IF(AS29,1,IF(AT29,0,AU29)) -> 0 | AW30: =AV30*$AC30 -> 0 | AX30: =-AV30*$AD30 -> 0 | AY30: =AW30+AX30 -> 0 | AZ30: =AZ29+AY30 -> 0 | BB30: =AN30+AY30 -> -0.0022408514 | BC30: =BC29+BB30 -> -0.0034013288
A31: 46066 | B31: 43.5 | C31: 100.22 | D31: 2.303908 | E31: 2.3160736 | F31: 2.3195541 | G31: 2.323385 | H31: 100.7492 | I31: 100.98031 | J31: 101.11717 | K31: -0.0052664988 | L31: -0.007557735 | M31: -0.0089121391 | N31: 0 | O31: 0 | P31: 43.5 | Q31: 100.22 | R31: 2.303908 | S31: 2.3165396 | T31: 2.3195541 | U31: 2.323385 | V31: 100.76947 | W31: 100.98031 | X31: 101.11717 | Y31: -0.0054676701 | Z31: -0.007557735 | AA31: -0.0089121391 | AC31: =LN(B31/B30) -> 0.014588657 | AD31: =LN(C31/C30) -> 0.013561914 | AH31: =IF(AA31<AG$1,1,0) -> 1 | AI31: =IF($AA31>AG$2,1,0) -> 0 | AJ31: =AK31 -> 1 | AK31: =IF(AH30,1,IF(AI30,0,AJ30)) -> 1 | AL31: =-AK31*$AC31 -> -0.014588657 | AM31: =AK31*$AD31 -> 0.013561914 | AN31: =AL31+AM31 -> -0.0010267439 | AO31: =AO30+AN31 -> -0.0044280727 | AS31: =IF($AA31>AR$1,1,0) -> 0 | AT31: =IF($AA31<AR$2,1,0) -> 1 | AU31: =AV30 -> 0 | AV31: =IF(AS30,1,IF(AT30,0,AU30)) -> 0 | AW31: =AV31*$AC31 -> 0 | AX31: =-AV31*$AD31 -> 0 | AY31: =AW31+AX31 -> 0 | AZ31: =AZ30+AY31 -> 0 | BB31: =AN31+AY31 -> -0.0010267439 | BC31: =BC30+BB31 -> -0.0044280727
A32: 46070 | B32: 43.94 | C32: 101.21 | D32: 2.3033682 | E32: 2.3160736 | F32: 2.3173958 | G32: 2.3221 | H32: 101.76827 | I32: 101.92121 | J32: 102.08954 | K32: -0.005500831 | L32: -0.0070024762 | M32: -0.0086526917 | N32: 0 | O32: 0 | P32: 43.94 | Q32: 101.21 | R32: 2.3033682 | S32: 2.3165396 | T32: 2.3173958 | U32: 2.3221 | V32: 101.78875 | W32: 101.92121 | X32: 102.08954 | Y32: -0.0057020022 | Z32: -0.0070024762 | AA32: -0.0086526917 | AC32: =LN(B32/B31) -> 0.010064129 | AD32: =LN(C32/C31) -> 0.0098297967 | AH32: =IF(AA32<AG$1,1,0) -> 1 | AI32: =IF($AA32>AG$2,1,0) -> 0 | AJ32: =AK32 -> 1 | AK32: =IF(AH31,1,IF(AI31,0,AJ31)) -> 1 | AL32: =-AK32*$AC32 -> -0.010064129 | AM32: =AK32*$AD32 -> 0.0098297967 | AN32: =AL32+AM32 -> -0.00023433219 | AO32: =AO31+AN32 -> -0.0046624049 | AS32: =IF($AA32>AR$1,1,0) -> 0 | AT32: =IF($AA32<AR$2,1,0) -> 1 | AU32: =AV31 -> 0 | AV32: =IF(AS31,1,IF(AT31,0,AU31)) -> 0 | AW32: =AV32*$AC32 -> 0 | AX32: =-AV32*$AD32 -> 0 | AY32: =AW32+AX32 -> 0 | AZ32: =AZ31+AY32 -> 0 | BB32: =AN32+AY32 -> -0.00023433219 | BC32: =BC31+BB32 -> -0.0046624049
A33: 46071 | B33: 43.35 | C33: 100.01 | D33: 2.3070358 | E33: 2.3160736 | F33: 2.3153133 | G33: 2.3210146 | H33: 100.40179 | I33: 100.45911 | J33: 100.66304 | K33: -0.0039098525 | L33: -0.0044805865 | M33: -0.0065084726 | N33: 0 | O33: 0 | P33: 43.35 | Q33: 100.01 | R33: 2.3070358 | S33: 2.3165396 | T33: 2.3153133 | U33: 2.3210146 | V33: 100.42199 | W33: 100.45911 | X33: 100.66304 | Y33: -0.0041110237 | Z33: -0.0044805865 | AA33: -0.0065084726 | AC33: =LN(B33/B32) -> -0.013518364 | AD33: =LN(C33/C32) -> -0.011927385 | AH33: =IF(AA33<AG$1,1,0) -> 1 | AI33: =IF($AA33>AG$2,1,0) -> 0 | AJ33: =AK33 -> 1 | AK33: =IF(AH32,1,IF(AI32,0,AJ32)) -> 1 | AL33: =-AK33*$AC33 -> 0.013518364 | AM33: =AK33*$AD33 -> -0.011927385 | AN33: =AL33+AM33 -> 0.0015909785 | AO33: =AO32+AN33 -> -0.0030714264 | AS33: =IF($AA33>AR$1,1,0) -> 0 | AT33: =IF($AA33<AR$2,1,0) -> 1 | AU33: =AV32 -> 0 | AV33: =IF(AS32,1,IF(AT32,0,AU32)) -> 0 | AW33: =AV33*$AC33 -> 0 | AX33: =-AV33*$AD33 -> 0 | AY33: =AW33+AX33 -> 0 | AZ33: =AZ32+AY33 -> 0 | BB33: =AN33+AY33 -> 0.0015909785 | BC33: =BC32+BB33 -> -0.0030714264
A34: 46072 | B34: 43.2 | C34: 99.83 | D34: 2.3108796 | E34: 2.3160736 | F34: 2.3139845 | G34: 2.3202529 | H34: 100.05438 | I34: 100.02154 | J34: 100.26783 | K34: -0.0022450862 | L34: -0.0019167754 | M34: -0.0043761708 | N34: 0 | O34: 0 | P34: 43.2 | Q34: 99.83 | R34: 2.3108796 | S34: 2.3165396 | T34: 2.3139845 | U34: 2.3202529 | V34: 100.07451 | W34: 100.02154 | X34: 100.26783 | Y34: -0.0024462574 | Z34: -0.0019167754 | AA34: -0.0043761708 | AC34: =LN(B34/B33) -> -0.003466208 | AD34: =LN(C34/C33) -> -0.0018014416 | AH34: =IF(AA34<AG$1,1,0) -> 1 | AI34: =IF($AA34>AG$2,1,0) -> 0 | AJ34: =AK34 -> 1 | AK34: =IF(AH33,1,IF(AI33,0,AJ33)) -> 1 | AL34: =-AK34*$AC34 -> 0.003466208 | AM34: =AK34*$AD34 -> -0.0018014416 | AN34: =AL34+AM34 -> 0.0016647663 | AO34: =AO33+AN34 -> -0.00140666 | AS34: =IF($AA34>AR$1,1,0) -> 0 | AT34: =IF($AA34<AR$2,1,0) -> 1 | AU34: =AV33 -> 0 | AV34: =IF(AS33,1,IF(AT33,0,AU33)) -> 0 | AW34: =AV34*$AC34 -> 0 | AX34: =-AV34*$AD34 -> 0 | AY34: =AW34+AX34 -> 0 | AZ34: =AZ33+AY34 -> 0 | BB34: =AN34+AY34 -> 0.0016647663 | BC34: =BC33+BB34 -> -0.00140666
... A156: 46248 | B156: 45.27 | C156: 105.06 | D156: 2.3207422 | E156: 2.3160736 | F156: 2.3261702 | G156: 2.3287001 | H156: 104.84865 | I156: 105.35536 | J156: 105.45423 | K156: 0.0020137238 | L156: -0.0028074129 | M156: -0.0037454426 | N156: 0 | O156: 0 | P156: 45.27 | Q156: 105.06 | R156: 2.3207422 | S156: 2.3165396 | T156: 2.3261702 | U156: 2.3287001 | V156: 104.86975 | W156: 105.35536 | X156: 105.45423 | Y156: 0.0018125526 | Z156: -0.0028074129 | AA156: -0.0037454426 | AC156: =LN(B156/B155) -> 0.0033189543 | AD156: =LN(C156/C155) -> 0.0016194336 | AH156: =IF(AA156<AG$1,1,0) -> 1 | AI156: =IF($AA156>AG$2,1,0) -> 0 | AJ156: =AK156 -> 1 | AK156: =IF(AH155,1,IF(AI155,0,AJ155)) -> 1 | AL156: =-AK156*$AC156 -> -0.0033189543 | AM156: =AK156*$AD156 -> 0.0016194336 | AN156: =AL156+AM156 -> -0.0016995207 | AO156: =AO155+AN156 -> 0.0036259411 | AS156: =IF($AA156>AR$1,1,0) -> 0 | AT156: =IF($AA156<AR$2,1,0) -> 1 | AU156: =AV155 -> 0 | AV156: =IF(AS155,1,IF(AT155,0,AU155)) -> 0 | AW156: =AV156*$AC156 -> 0 | AX156: =-AV156*$AD156 -> 0 | AY156: =AW156+AX156 -> 0 | AZ156: =AZ155+AY156 -> -0.0036650495 | BB156: =AN156+AY156 -> -0.0016995207 | BC156: =BC155+BB156 -> -3.9108352e-05

Sheet IYH_XLV
A1: date | B1: IYH | C1: XLV | D1: XLV/IYH | E1: XLV/IYH avg | F1: XLV/IYH 10 dma | G1: XLV/IYH 20 dma | H1: IYH avg | I1: IYH 10 dma | J1: IYH 20 dma | K1: avg diff | L1: 10 dma diff | M1: 20 dma diff | N1: IYH div | O1: XLV div | P1: IYH* | Q1: XLV* | R1: XLV*/IYH* | S1: XLV*/IYH* avg | T1: XLV*/IYH* 10 dma | U1: XLV*/IYH* 20 dma | V1: IYH* avg | W1: IYH* 10 dma | X1: IYH* 20 dma | Y1: avg diff* | Z1: 10 dma diff* | AA1: 20 dma diff* | AC1: =_xlfn.CONCAT(B1," rtn") -> IYH rtn | AD1: =_xlfn.CONCAT(C1," rtn") -> XLV rtn | AF1: signal | AG1: -0.001 | AH1: under | AI1: over | AJ1: yday | AK1: position | AO1: =AO156 -> 0.0009932635 | AQ1: signal | AR1: 0.001 | AS1: over | AT1: under | AU1: yday | AV1: position | AZ1: =AZ156 -> 0.0042586517 | BC1: =BC156 -> 0.0052519152
A2: 46024 | B2: 65.36 | C2: 155.51 | D2: 2.379284 | E2: 2.3804819 | N2: 0 | O2: 0 | P2: 65.36 | Q2: 155.51 | R2: 2.379284 | S2: 2.3801278 | AG2: 0 | AR2: 0
A3: 46027 | B3: 65.22 | C3: 155.04 | D3: 2.3771849 | E3: 2.3804819 | H3: 155.25503 | K3: -0.0013859573 | N3: 0 | O3: 0 | P3: 65.22 | Q3: 155.04 | R3: 2.3771849 | S3: 2.3801278 | V3: 155.23194 | Y3: -0.0012372214 | AC3: =LN(B3/B2) -> -0.0021442802 | AD3: =LN(C3/C2) -> -0.0030268901
A4: 46028 | B4: 66.58 | C4: 158.09 | D4: 2.3744368 | E4: 2.3804819 | H4: 158.49248 | K4: -0.0025426761 | N4: 0 | O4: 0 | P4: 66.58 | Q4: 158.09 | R4: 2.3744368 | S4: 2.3801278 | V4: 158.46891 | Y4: -0.0023939402 | AC4: =LN(B4/B3) -> 0.020638062 | AD4: =LN(C4/C3) -> 0.019481343
A5: 46029 | B5: 67.33 | C5: 159.66 | D5: 2.3713055 | E5: 2.3804819 | H5: 160.27784 | K5: -0.0038622834 | N5: 0 | O5: 0 | P5: 67.33 | Q5: 159.66 | R5: 2.3713055 | S5: 2.3801278 | V5: 160.25401 | Y5: -0.0037135475 | AC5: =LN(B5/B4) -> 0.01120167 | AD5: =LN(C5/C4) -> 0.0098820631
A6: 46030 | B6: 66.63 | C6: 158.12 | D6: 2.3731052 | E6: 2.3804819 | H6: 158.61151 | K6: -0.0031036232 | N6: 0 | O6: 0 | P6: 66.63 | Q6: 158.12 | R6: 2.3731052 | S6: 2.3801278 | V6: 158.58792 | Y6: -0.0029548873 | AC6: =LN(B6/B5) -> -0.010450976 | AD6: =LN(C6/C5) -> -0.0096923158
A7: 46031 | B7: 66.32 | C7: 157.31 | D7: 2.3719843 | E7: 2.3804819 | H7: 157.87356 | K7: -0.0035760651 | N7: 0 | O7: 0 | P7: 66.32 | Q7: 157.31 | R7: 2.3719843 | S7: 2.3801278 | V7: 157.85008 | Y7: -0.0034273292 | AC7: =LN(B7/B6) -> -0.0046634157 | AD7: =LN(C7/C6) -> -0.0051358576
A8: 46034 | B8: 66.19 | C8: 157.38 | D8: 2.3777006 | E8: 2.3804819 | H8: 157.5641 | K8: -0.0011690661 | N8: 0 | O8: 0 | P8: 66.19 | Q8: 157.38 | R8: 2.3777006 | S8: 2.3801278 | V8: 157.54066 | Y8: -0.0010203302 | AC8: =LN(B8/B7) -> -0.0019621167 | AD8: =LN(C8/C7) -> 0.00044488227
A9: 46035 | B9: 65.93 | C9: 156.74 | D9: 2.3773699 | E9: 2.3804819 | H9: 156.94517 | K9: -0.0013081266 | N9: 0 | O9: 0 | P9: 65.93 | Q9: 156.74 | R9: 2.3773699 | S9: 2.3801278 | V9: 156.92183 | Y9: -0.0011593907 | AC9: =LN(B9/B8) -> -0.003935821 | AD9: =LN(C9/C8) -> -0.0040748815 | AN9: =AVERAGE(AN22:AN200) -> 7.3575074e-06 | AY9: =AVERAGE(AY22:AY200) -> 3.1545568e-05 | BB9: =AVERAGE(BB22:BB200) -> 3.8903076e-05
A10: 46036 | B10: 66.36 | C10: 157.86 | D10: 2.3788427 | E10: 2.3804819 | H10: 157.96878 | K10: -0.00068883611 | N10: 0 | O10: 0 | P10: 66.36 | Q10: 157.86 | R10: 2.3788427 | S10: 2.3801278 | V10: 157.94528 | Y10: -0.00054010023 | AC10: =LN(B10/B9) -> 0.0065008922 | AD10: =LN(C10/C9) -> 0.0071201827 | AN10: =STDEV(AN22:AN200) -> 0.0010005873 | AY10: =STDEV(AY22:AY200) -> 0.00080461072 | BB10: =STDEV(BB22:BB200) -> 0.0012837857
A11: 46037 | B11: 65.95 | C11: 156.96 | D11: 2.3799848 | E11: 2.3804819 | F11: 2.3761199 | H11: 156.99278 | K11: -0.00020881842 | N11: 0 | O11: 0 | P11: 65.95 | Q11: 156.96 | R11: 2.3799848 | S11: 2.3801278 | T11: 2.3761199 | V11: 156.96943 | Y11: -6.0082539e-05 | AC11: =LN(B11/B10) -> -0.0061975862 | AD11: =LN(C11/C10) -> -0.0057175685 | AN11: =SQRT(252)*AN9/AN10 -> 0.11672826 | AY11: =SQRT(252)*AY9/AY10 -> 0.62237597 | BB11: =SQRT(252)*BB9/BB10 -> 0.48105163
A12: 46038 | B12: 65.47 | C12: 155.74 | D12: 2.3787995 | E12: 2.3804819 | F12: 2.3760714 | H12: 155.85015 | I12: 155.56457 | K12: -0.00070700738 | L12: 0.0011270774 | N12: 0 | O12: 0 | P12: 65.47 | Q12: 155.74 | R12: 2.3787995 | S12: 2.3801278 | T12: 2.3760714 | V12: 155.82697 | W12: 155.56457 | Y12: -0.0005582715 | Z12: 0.0011270774 | AC12: =LN(B12/B11) -> -0.0073048567 | AD12: =LN(C12/C11) -> -0.0078030457
A13: 46042 | B13: 65.36 | C13: 155.4 | D13: 2.377601 | E13: 2.3804819 | F13: 2.376113 | H13: 155.5883 | I13: 155.30003 | K13: -0.0012109477 | L13: 0.00064352837 | N13: 0 | O13: 0 | P13: 65.36 | Q13: 155.4 | R13: 2.377601 | S13: 2.3801278 | T13: 2.376113 | V13: 155.56516 | W13: 155.30003 | Y13: -0.0010622118 | Z13: 0.00064352837 | AC13: =LN(B13/B12) -> -0.0016815719 | AD13: =LN(C13/C12) -> -0.0021855122
A14: 46043 | B14: 66.53 | C14: 158.26 | D14: 2.3787765 | E14: 2.3804819 | F14: 2.376547 | H14: 158.37346 | I14: 158.0828 | K14: -0.00071665864 | L14: 0.0011203069 | N14: 0 | O14: 0 | P14: 66.53 | Q14: 158.26 | R14: 2.3787765 | S14: 2.3801278 | T14: 2.376547 | V14: 158.3499 | W14: 158.0828 | Y14: -0.00056792277 | Z14: 0.0011203069 | AC14: =LN(B14/B13) -> 0.017742523 | AD14: =LN(C14/C13) -> 0.018236812
A15: 46044 | B15: 66.59 | C15: 158.29 | D15: 2.3770836 | E15: 2.3804819 | F15: 2.3771248 | H15: 158.51629 | I15: 158.25426 | K15: -0.0014285575 | L15: 0.00022578507 | N15: 0 | O15: 0 | P15: 66.59 | Q15: 158.29 | R15: 2.3770836 | S15: 2.3801278 | T15: 2.3771248 | V15: 158.49271 | W15: 158.25426 | Y15: -0.0012798216 | Z15: 0.00022578507 | AC15: =LN(B15/B14) -> 0.00090144237 | AD15: =LN(C15/C14) -> 0.00018954352
A16: 46045 | B16: 66.17 | C16: 157.48 | D16: 2.3799305 | E16: 2.3804819 | F16: 2.3778073 | H16: 157.51649 | I16: 157.29435 | K16: -0.00023165702 | L16: 0.0011795835 | N16: 0 | O16: 0 | P16: 66.17 | Q16: 157.48 | R16: 2.3799305 | S16: 2.3801278 | T16: 2.3778073 | V16: 157.49306 | W16: 157.29435 | Y16: -8.2921141e-05 | Z16: 0.0011795835 | AC16: =LN(B16/B15) -> -0.0063272281 | AD16: =LN(C16/C15) -> -0.0051303276
A17: 46048 | B17: 66.38 | C17: 158.1 | D17: 2.3817415 | E17: 2.3804819 | F17: 2.3787831 | H17: 158.01639 | I17: 157.83885 | K17: 0.00052900285 | L17: 0.0016531615 | N17: 0 | O17: 0 | P17: 66.38 | Q17: 158.1 | R17: 2.3817415 | S17: 2.3801278 | T17: 2.3787831 | V17: 157.99289 | W17: 157.83885 | Y17: 0.00067773873 | Z17: 0.0016531615 | AC17: =LN(B17/B16) -> 0.0031686183 | AD17: =LN(C17/C16) -> 0.0039292781
A18: 46049 | B18: 65.42 | C18: 155.45 | D18: 2.3761847 | E18: 2.3804819 | F18: 2.3786315 | H18: 155.73112 | I18: 155.61999 | K18: -0.0018068207 | L18: -0.001092921 | N18: 0 | O18: 0 | P18: 65.42 | Q18: 155.45 | R18: 2.3761847 | S18: 2.3801278 | T18: 2.3786315 | V18: 155.70796 | W18: 155.61999 | Y18: -0.0016580848 | Z18: -0.001092921 | AC18: =LN(B18/B17) -> -0.014567784 | AD18: =LN(C18/C17) -> -0.016903608
A19: 46050 | B19: 64.87 | C19: 154.31 | D19: 2.3787575 | E19: 2.3804819 | F19: 2.3787702 | H19: 154.42186 | I19: 154.30182 | K19: -0.00072463621 | L19: 5.2991604e-05 | N19: 0 | O19: 0 | P19: 64.87 | Q19: 154.31 | R19: 2.3787575 | S19: 2.3801278 | T19: 2.3787702 | V19: 154.39889 | W19: 154.30182 | Y19: -0.00057590033 | Z19: 5.2991604e-05 | AC19: =LN(B19/B18) -> -0.0084427549 | AD19: =LN(C19/C18) -> -0.0073605704
A20: 46051 | B20: 64.68 | C20: 153.82 | D20: 2.3781694 | E20: 2.3804819 | F20: 2.3787029 | H20: 153.96957 | I20: 153.85886 | K20: -0.00097188215 | L20: -0.00025258774 | N20: 0 | O20: 0 | P20: 64.68 | Q20: 153.82 | R20: 2.3781694 | S20: 2.3801278 | T20: 2.3787029 | V20: 153.94667 | W20: 153.85886 | Y20: -0.00082314627 | Z20: -0.00025258774 | AC20: =LN(B20/B19) -> -0.0029332325 | AD20: =LN(C20/C19) -> -0.0031804785
A21: 46052 | B21: 64.97 | C21: 154.74 | D21: 2.3817146 | E21: 2.3804819 | F21: 2.3788759 | G21: 2.3774979 | H21: 154.65991 | I21: 154.54433 | K21: 0.00051772916 | L21: 0.0012653254 | N21: 0 | O21: 0 | P21: 64.97 | Q21: 154.74 | R21: 2.3817146 | S21: 2.3801278 | T21: 2.3788759 | U21: 2.3774979 | V21: 154.63691 | W21: 154.54433 | Y21: 0.00066646504 | Z21: 0.0012653254 | AC21: =LN(B21/B20) -> 0.0044735902 | AD21: =LN(C21/C20) -> 0.0059632015 | AK21: 0 | AV21: 0
A22: 46055 | B22: 65.27 | C22: 155.69 | D22: 2.3853225 | E22: 2.3804819 | F22: 2.3795282 | G22: 2.3777998 | H22: 155.37405 | I22: 155.26923 | J22: 155.17929 | K22: 0.002031403 | L22: 0.0027062816 | M22: 0.0032857167 | N22: 0 | O22: 0 | P22: 65.27 | Q22: 155.69 | R22: 2.3853225 | S22: 2.3801278 | T22: 2.3795282 | U22: 2.3777998 | V22: 155.35094 | W22: 155.26923 | X22: 155.17929 | Y22: 0.0021801389 | Z22: 0.0027062816 | AA22: 0.0032857167 | AC22: =LN(B22/B21) -> 0.0046068878 | AD22: =LN(C22/C21) -> 0.0061205616 | AH22: =IF($AA22<AG$1,1,0) -> 0 | AI22: =IF($AA22>AG$2,1,0) -> 1 | AJ22: =AK21 -> 0 | AK22: =IF(AH21,1,IF(AI21,0,AJ21)) -> 0 | AL22: =-AK22*$AC22 -> 0 | AM22: =AK22*$AD22 -> 0 | AN22: =AL22+AM22 -> 0 | AO22: =AO21+AN22 -> 0 | AS22: =IF($AA22>AR$1,1,0) -> 1 | AT22: =IF($AA22<AR$2,1,0) -> 0 | AU22: =AV21 -> 0 | AV22: =IF(AS21,1,IF(AT21,0,AU21)) -> 0 | AW22: =AV22*$AC22 -> 0 | AX22: =-AV22*$AD22 -> 0 | AY22: =AW22+AX22 -> 0 | AZ22: =AZ21+AY22 -> 0 | BB22: =AN22+AY22 -> 0 | BC22: =BC21+BB22 -> 0
A23: 46056 | B23: 64.62 | C23: 154.1 | D23: 2.3847106 | E23: 2.3804819 | F23: 2.3802391 | G23: 2.3781761 | H23: 153.82674 | I23: 153.76511 | J23: 153.65342 | K23: 0.0017748469 | L23: 0.0021755555 | M23: 0.002902175 | N23: 0 | O23: 0 | P23: 64.62 | Q23: 154.1 | R23: 2.3847106 | S23: 2.3801278 | T23: 2.3802391 | U23: 2.3781761 | V23: 153.80386 | W23: 153.76511 | X23: 153.65342 | Y23: 0.0019235827 | Z23: 0.0021755555 | AA23: 0.002902175 | AC23: =LN(B23/B22) -> -0.010008552 | AD23: =LN(C23/C22) -> -0.010265108 | AH23: =IF(AA23<AG$1,1,0) -> 0 | AI23: =IF($AA23>AG$2,1,0) -> 1 | AJ23: =AK23 -> 0 | AK23: =IF(AH22,1,IF(AI22,0,AJ22)) -> 0 | AL23: =-AK23*$AC23 -> 0 | AM23: =AK23*$AD23 -> 0 | AN23: =AL23+AM23 -> 0 | AO23: =AO22+AN23 -> 0 | AS23: =IF($AA23>AR$1,1,0) -> 1 | AT23: =IF($AA23<AR$2,1,0) -> 0 | AU23: =AV22 -> 0 | AV23: =IF(AS22,1,IF(AT22,0,AU22)) -> 1 | AW23: =AV23*$AC23 -> -0.010008552 | AX23: =-AV23*$AD23 -> 0.010265108 | AY23: =AW23+AX23 -> 0.00025655612 | AZ23: =AZ22+AY23 -> 0.00025655612 | BB23: =AN23+AY23 -> 0.00025655612 | BC23: =BC22+BB23 -> 0.00025655612
A24: 46057 | B24: 65.51 | C24: 156.03 | D24: 2.3817738 | E24: 2.3804819 | F24: 2.3805389 | G24: 2.3785429 | H24: 155.94537 | I24: 155.92947 | J24: 155.79432 | K24: 0.00054255864 | L24: 0.00064452847 | M24: 0.00151165 | N24: 0 | O24: 0 | P24: 65.51 | Q24: 156.03 | R24: 2.3817738 | S24: 2.3801278 | T24: 2.3805389 | U24: 2.3785429 | V24: 155.92217 | W24: 155.92947 | X24: 155.79432 | Y24: 0.00069129452 | Z24: 0.00064452847 | AA24: 0.00151165 | AC24: =LN(B24/B23) -> 0.013678842 | AD24: =LN(C24/C23) -> 0.012446554 | AH24: =IF(AA24<AG$1,1,0) -> 0 | AI24: =IF($AA24>AG$2,1,0) -> 1 | AJ24: =AK24 -> 0 | AK24: =IF(AH23,1,IF(AI23,0,AJ23)) -> 0 | AL24: =-AK24*$AC24 -> 0 | AM24: =AK24*$AD24 -> 0 | AN24: =AL24+AM24 -> 0 | AO24: =AO23+AN24 -> 0 | AS24: =IF($AA24>AR$1,1,0) -> 1 | AT24: =IF($AA24<AR$2,1,0) -> 0 | AU24: =AV23 -> 1 | AV24: =IF(AS23,1,IF(AT23,0,AU23)) -> 1 | AW24: =AV24*$AC24 -> 0.013678842 | AX24: =-AV24*$AD24 -> -0.012446554 | AY24: =AW24+AX24 -> 0.0012322882 | AZ24: =AZ23+AY24 -> 0.0014888443 | BB24: =AN24+AY24 -> 0.0012322882 | BC24: =BC23+BB24 -> 0.0014888443
A25: 46058 | B25: 64.68 | C25: 154.84 | D25: 2.3939394 | E25: 2.3804819 | F25: 2.3822245 | G25: 2.3796746 | H25: 153.96957 | I25: 153.97325 | J25: 153.84416 | K25: 0.0056373559 | L25: 0.0056134101 | M25: 0.0064522022 | N25: 0 | O25: 0 | P25: 64.68 | Q25: 154.84 | R25: 2.3939394 | S25: 2.3801278 | T25: 2.3822245 | U25: 2.3796746 | V25: 153.94667 | W25: 153.97325 | X25: 153.84416 | Y25: 0.0057860918 | Z25: 0.0056134101 | AA25: 0.0064522022 | AC25: =LN(B25/B24) -> -0.012750768 | AD25: =LN(C25/C24) -> -0.0076559707 | AH25: =IF(AA25<AG$1,1,0) -> 0 | AI25: =IF($AA25>AG$2,1,0) -> 1 | AJ25: =AK25 -> 0 | AK25: =IF(AH24,1,IF(AI24,0,AJ24)) -> 0 | AL25: =-AK25*$AC25 -> 0 | AM25: =AK25*$AD25 -> 0 | AN25: =AL25+AM25 -> 0 | AO25: =AO24+AN25 -> 0 | AS25: =IF($AA25>AR$1,1,0) -> 1 | AT25: =IF($AA25<AR$2,1,0) -> 0 | AU25: =AV24 -> 1 | AV25: =IF(AS24,1,IF(AT24,0,AU24)) -> 1 | AW25: =AV25*$AC25 -> -0.012750768 | AX25: =-AV25*$AD25 -> 0.0076559707 | AY25: =AW25+AX25 -> -0.0050947973 | AZ25: =AZ24+AY25 -> -0.0036059529 | BB25: =AN25+AY25 -> -0.0050947973 | BC25: =BC24+BB25 -> -0.0036059529
A26: 46059 | B26: 65.86 | C26: 157.71 | D26: 2.394625 | E26: 2.3804819 | F26: 2.3836939 | G26: 2.3807506 | H26: 156.77854 | I26: 156.8933 | J26: 156.72537 | K26: 0.0059236915 | L26: 0.0051919318 | M26: 0.0062628579 | N26: 0 | O26: 0 | P26: 65.86 | Q26: 157.71 | R26: 2.394625 | S26: 2.3801278 | T26: 2.3836939 | U26: 2.3807506 | V26: 156.75522 | W26: 156.8933 | X26: 156.72537 | Y26: 0.0060724274 | Z26: 0.0051919318 | AA26: 0.0062628579 | AC26: =LN(B26/B25) -> 0.018079242 | AD26: =LN(C26/C25) -> 0.018365578 | AH26: =IF(AA26<AG$1,1,0) -> 0 | AI26: =IF($AA26>AG$2,1,0) -> 1 | AJ26: =AK26 -> 0 | AK26: =IF(AH25,1,IF(AI25,0,AJ25)) -> 0 | AL26: =-AK26*$AC26 -> 0 | AM26: =AK26*$AD26 -> 0 | AN26: =AL26+AM26 -> 0 | AO26: =AO25+AN26 -> 0 | AS26: =IF($AA26>AR$1,1,0) -> 1 | AT26: =IF($AA26<AR$2,1,0) -> 0 | AU26: =AV25 -> 1 | AV26: =IF(AS25,1,IF(AT25,0,AU25)) -> 1 | AW26: =AV26*$AC26 -> 0.018079242 | AX26: =-AV26*$AD26 -> -0.018365578 | AY26: =AW26+AX26 -> -0.00028633555 | AZ26: =AZ25+AY26 -> -0.0038922885 | BB26: =AN26+AY26 -> -0.00028633555 | BC26: =BC25+BB26 -> -0.0038922885
A27: 46062 | B27: 65.25 | C27: 156.32 | D27: 2.3957088 | E27: 2.3804819 | F27: 2.3850906 | G27: 2.3819368 | H27: 155.32644 | I27: 155.53603 | J27: 155.34398 | K27: 0.006376207 | L27: 0.0050277989 | M27: 0.0062633181 | N27: 0 | O27: 0 | P27: 65.25 | Q27: 156.32 | R27: 2.3957088 | S27: 2.3801278 | T27: 2.3850906 | U27: 2.3819368 | V27: 155.30334 | W27: 155.53603 | X27: 155.34398 | Y27: 0.0065249429 | Z27: 0.0050277989 | AA27: 0.0062633181 | AC27: =LN(B27/B26) -> -0.0093052307 | AD27: =LN(C27/C26) -> -0.0088527152 | AH27: =IF(AA27<AG$1,1,0) -> 0 | AI27: =IF($AA27>AG$2,1,0) -> 1 | AJ27: =AK27 -> 0 | AK27: =IF(AH26,1,IF(AI26,0,AJ26)) -> 0 | AL27: =-AK27*$AC27 -> 0 | AM27: =AK27*$AD27 -> 0 | AN27: =AL27+AM27 -> 0 | AO27: =AO26+AN27 -> 0 | AS27: =IF($AA27>AR$1,1,0) -> 1 | AT27: =IF($AA27<AR$2,1,0) -> 0 | AU27: =AV26 -> 1 | AV27: =IF(AS26,1,IF(AT26,0,AU26)) -> 1 | AW27: =AV27*$AC27 -> -0.0093052307 | AX27: =-AV27*$AD27 -> 0.0088527152 | AY27: =AW27+AX27 -> -0.00045251554 | AZ27: =AZ26+AY27 -> -0.004344804 | BB27: =AN27+AY27 -> -0.00045251554 | BC27: =BC26+BB27 -> -0.004344804
A28: 46063 | B28: 64.91 | C28: 155.33 | D28: 2.3930057 | E28: 2.3804819 | F28: 2.3867727 | G28: 2.3827021 | H28: 154.51708 | I28: 154.81623 | J28: 154.61152 | K28: 0.0052472559 | L28: 0.0033130665 | M28: 0.0046362345 | N28: 0 | O28: 0 | P28: 64.91 | Q28: 155.33 | R28: 2.3930057 | S28: 2.3801278 | T28: 2.3867727 | U28: 2.3827021 | V28: 154.4941 | W28: 154.81623 | X28: 154.61152 | Y28: 0.0053959918 | Z28: 0.0033130665 | AA28: 0.0046362345 | AC28: =LN(B28/B27) -> -0.0052243512 | AD28: =LN(C28/C27) -> -0.0063533023 | AH28: =IF(AA28<AG$1,1,0) -> 0 | AI28: =IF($AA28>AG$2,1,0) -> 1 | AJ28: =AK28 -> 0 | AK28: =IF(AH27,1,IF(AI27,0,AJ27)) -> 0 | AL28: =-AK28*$AC28 -> 0 | AM28: =AK28*$AD28 -> 0 | AN28: =AL28+AM28 -> 0 | AO28: =AO27+AN28 -> 0 | AS28: =IF($AA28>AR$1,1,0) -> 1 | AT28: =IF($AA28<AR$2,1,0) -> 0 | AU28: =AV27 -> 1 | AV28: =IF(AS27,1,IF(AT27,0,AU27)) -> 1 | AW28: =AV28*$AC28 -> -0.0052243512 | AX28: =-AV28*$AD28 -> 0.0063533023 | AY28: =AW28+AX28 -> 0.0011289511 | AZ28: =AZ27+AY28 -> -0.0032158529 | BB28: =AN28+AY28 -> 0.0011289511 | BC28: =BC27+BB28 -> -0.0032158529
A29: 46064 | B29: 65.23 | C29: 156.25 | D29: 2.3953702 | E29: 2.3804819 | F29: 2.388434 | G29: 2.3836021 | H29: 155.27883 | I29: 155.68919 | J29: 155.42366 | K29: 0.0062348677 | L29: 0.0035956687 | M29: 0.0053026228 | N29: 0 | O29: 0 | P29: 65.23 | Q29: 156.25 | R29: 2.3953702 | S29: 2.3801278 | T29: 2.388434 | U29: 2.3836021 | V29: 155.25574 | W29: 155.68919 | X29: 155.42366 | Y29: 0.0063836036 | Z29: 0.0035956687 | AA29: 0.0053026228 | AC29: =LN(B29/B28) -> 0.0049177908 | AD29: =LN(C29/C28) -> 0.0059054026 | AH29: =IF(AA29<AG$1,1,0) -> 0 | AI29: =IF($AA29>AG$2,1,0) -> 1 | AJ29: =AK29 -> 0 | AK29: =IF(AH28,1,IF(AI28,0,AJ28)) -> 0 | AL29: =-AK29*$AC29 -> 0 | AM29: =AK29*$AD29 -> 0 | AN29: =AL29+AM29 -> 0 | AO29: =AO28+AN29 -> 0 | AS29: =IF($AA29>AR$1,1,0) -> 1 | AT29: =IF($AA29<AR$2,1,0) -> 0 | AU29: =AV28 -> 1 | AV29: =IF(AS28,1,IF(AT28,0,AU28)) -> 1 | AW29: =AV29*$AC29 -> 0.0049177908 | AX29: =-AV29*$AD29 -> -0.0059054026 | AY29: =AW29+AX29 -> -0.00098761185 | AZ29: =AZ28+AY29 -> -0.0042034648 | BB29: =AN29+AY29 -> -0.00098761185 | BC29: =BC28+BB29 -> -0.0042034648
A30: 46065 | B30: 65.09 | C30: 156 | D30: 2.3966815 | E30: 2.3804819 | F30: 2.3902852 | G30: 2.3844941 | H30: 154.94557 | I30: 155.46317 | J30: 155.14866 | K30: 0.0067821446 | L30: 0.0034471552 | M30: 0.0054722424 | N30: 0 | O30: 0 | P30: 65.09 | Q30: 156 | R30: 2.3966815 | S30: 2.3801278 | T30: 2.3902852 | U30: 2.3844941 | V30: 154.92252 | W30: 155.46317 | X30: 155.14866 | Y30: 0.0069308805 | Z30: 0.0034471552 | AA30: 0.0054722424 | AC30: =LN(B30/B29) -> -0.0021485582 | AD30: =LN(C30/C29) -> -0.0016012814 | AH30: =IF(AA30<AG$1,1,0) -> 0 | AI30: =IF($AA30>AG$2,1,0) -> 1 | AJ30: =AK30 -> 0 | AK30: =IF(AH29,1,IF(AI29,0,AJ29)) -> 0 | AL30: =-AK30*$AC30 -> 0 | AM30: =AK30*$AD30 -> 0 | AN30: =AL30+AM30 -> 0 | AO30: =AO29+AN30 -> 0 | AS30: =IF($AA30>AR$1,1,0) -> 1 | AT30: =IF($AA30<AR$2,1,0) -> 0 | AU30: =AV29 -> 1 | AV30: =IF(AS29,1,IF(AT29,0,AU29)) -> 1 | AW30: =AV30*$AC30 -> -0.0021485582 | AX30: =-AV30*$AD30 -> 0.0016012814 | AY30: =AW30+AX30 -> -0.00054727686 | AZ30: =AZ29+AY30 -> -0.0047507416 | BB30: =AN30+AY30 -> -0.00054727686 | BC30: =BC29+BB30 -> -0.0047507416
A31: 46066 | B31: 65.75 | C31: 157.67 | D31: 2.3980228 | E31: 2.3804819 | F31: 2.391916 | G31: 2.385396 | H31: 156.51668 | I31: 157.16125 | J31: 156.78048 | K31: 0.0073416351 | L31: 0.0032318746 | M31: 0.0056576037 | N31: 0 | O31: 0 | P31: 65.75 | Q31: 157.67 | R31: 2.3980228 | S31: 2.3801278 | T31: 2.391916 | U31: 2.385396 | V31: 156.49341 | W31: 157.16125 | X31: 156.78048 | Y31: 0.007490371 | Z31: 0.0032318746 | AA31: 0.0056576037 | AC31: =LN(B31/B30) -> 0.010088743 | AD31: =LN(C31/C30) -> 0.010648234 | AH31: =IF(AA31<AG$1,1,0) -> 0 | AI31: =IF($AA31>AG$2,1,0) -> 1 | AJ31: =AK31 -> 0 | AK31: =IF(AH30,1,IF(AI30,0,AJ30)) -> 0 | AL31: =-AK31*$AC31 -> 0 | AM31: =AK31*$AD31 -> 0 | AN31: =AL31+AM31 -> 0 | AO31: =AO30+AN31 -> 0 | AS31: =IF($AA31>AR$1,1,0) -> 1 | AT31: =IF($AA31<AR$2,1,0) -> 0 | AU31: =AV30 -> 1 | AV31: =IF(AS30,1,IF(AT30,0,AU30)) -> 1 | AW31: =AV31*$AC31 -> 0.010088743 | AX31: =-AV31*$AD31 -> -0.010648234 | AY31: =AW31+AX31 -> -0.00055949053 | AZ31: =AZ30+AY31 -> -0.0053102321 | BB31: =AN31+AY31 -> -0.00055949053 | BC31: =BC30+BB31 -> -0.0053102321
A32: 46070 | B32: 65.71 | C32: 157.37 | D32: 2.3949171 | E32: 2.3804819 | F32: 2.3928755 | G32: 2.3862018 | H32: 156.42146 | I32: 157.1728 | J32: 156.74437 | K32: 0.0060456646 | L32: 0.0012538677 | M32: 0.0039834699 | N32: 0 | O32: 0 | P32: 65.71 | Q32: 157.37 | R32: 2.3949171 | S32: 2.3801278 | T32: 2.3928755 | U32: 2.3862018 | V32: 156.3982 | W32: 157.1728 | X32: 156.74437 | Y32: 0.0061944005 | Z32: 0.0012538677 | AA32: 0.0039834699 | AC32: =LN(B32/B31) -> -0.00060855015 | AD32: =LN(C32/C31) -> -0.0019045206 | AH32: =IF(AA32<AG$1,1,0) -> 0 | AI32: =IF($AA32>AG$2,1,0) -> 1 | AJ32: =AK32 -> 0 | AK32: =IF(AH31,1,IF(AI31,0,AJ31)) -> 0 | AL32: =-AK32*$AC32 -> 0 | AM32: =AK32*$AD32 -> 0 | AN32: =AL32+AM32 -> 0 | AO32: =AO31+AN32 -> 0 | AS32: =IF($AA32>AR$1,1,0) -> 1 | AT32: =IF($AA32<AR$2,1,0) -> 0 | AU32: =AV31 -> 1 | AV32: =IF(AS31,1,IF(AT31,0,AU31)) -> 1 | AW32: =AV32*$AC32 -> -0.00060855015 | AX32: =-AV32*$AD32 -> 0.0019045206 | AY32: =AW32+AX32 -> 0.0012959705 | AZ32: =AZ31+AY32 -> -0.0040142616 | BB32: =AN32+AY32 -> 0.0012959705 | BC32: =BC31+BB32 -> -0.0040142616
A33: 46071 | B33: 65.84 | C33: 157.67 | D33: 2.3947448 | E33: 2.3804819 | F33: 2.3938789 | G33: 2.387059 | H33: 156.73093 | I33: 157.54692 | J33: 157.10753 | K33: 0.0059737498 | L33: 0.0007809091 | M33: 0.0035737728 | N33: 0 | O33: 0 | P33: 65.84 | Q33: 157.67 | R33: 2.3947448 | S33: 2.3801278 | T33: 2.3938789 | U33: 2.387059 | V33: 156.70762 | W33: 157.54692 | X33: 157.10753 | Y33: 0.0061224857 | Z33: 0.0007809091 | AA33: 0.0035737728 | AC33: =LN(B33/B32) -> 0.0019764355 | AD33: =LN(C33/C32) -> 0.0019045206 | AH33: =IF(AA33<AG$1,1,0) -> 0 | AI33: =IF($AA33>AG$2,1,0) -> 1 | AJ33: =AK33 -> 0 | AK33: =IF(AH32,1,IF(AI32,0,AJ32)) -> 0 | AL33: =-AK33*$AC33 -> 0 | AM33: =AK33*$AD33 -> 0 | AN33: =AL33+AM33 -> 0 | AO33: =AO32+AN33 -> 0 | AS33: =IF($AA33>AR$1,1,0) -> 1 | AT33: =IF($AA33<AR$2,1,0) -> 0 | AU33: =AV32 -> 1 | AV33: =IF(AS32,1,IF(AT32,0,AU32)) -> 1 | AW33: =AV33*$AC33 -> 0.0019764355 | AX33: =-AV33*$AD33 -> -0.0019045206 | AY33: =AW33+AX33 -> 7.1914822e-05 | AZ33: =AZ32+AY33 -> -0.0039423468 | BB33: =AN33+AY33 -> 7.1914822e-05 | BC33: =BC32+BB33 -> -0.0039423468
A34: 46072 | B34: 65.73 | C34: 157.26 | D34: 2.3925148 | E34: 2.3804819 | F34: 2.394953 | G34: 2.3877459 | H34: 156.46907 | I34: 157.34966 | J34: 156.90139 | K34: 0.0050421092 | L34: -0.00056998092 | M34: 0.0022829678 | N34: 0 | O34: 0 | P34: 65.73 | Q34: 157.26 | R34: 2.3925148 | S34: 2.3801278 | T34: 2.394953 | U34: 2.3877459 | V34: 156.4458 | W34: 157.34966 | X34: 156.90139 | Y34: 0.0051908451 | Z34: -0.00056998092 | AA34: 0.0022829678 | AC34: =LN(B34/B33) -> -0.0016721141 | AD34: =LN(C34/C33) -> -0.0026037547 | AH34: =IF(AA34<AG$1,1,0) -> 0 | AI34: =IF($AA34>AG$2,1,0) -> 1 | AJ34: =AK34 -> 0 | AK34: =IF(AH33,1,IF(AI33,0,AJ33)) -> 0 | AL34: =-AK34*$AC34 -> 0 | AM34: =AK34*$AD34 -> 0 | AN34: =AL34+AM34 -> 0 | AO34: =AO33+AN34 -> 0 | AS34: =IF($AA34>AR$1,1,0) -> 1 | AT34: =IF($AA34<AR$2,1,0) -> 0 | AU34: =AV33 -> 1 | AV34: =IF(AS33,1,IF(AT33,0,AU33)) -> 1 | AW34: =AV34*$AC34 -> -0.0016721141 | AX34: =-AV34*$AD34 -> 0.0026037547 | AY34: =AW34+AX34 -> 0.00093164059 | AZ34: =AZ33+AY34 -> -0.0030107062 | BB34: =AN34+AY34 -> 0.00093164059 | BC34: =BC33+BB34 -> -0.0030107062
... A156: 46248 | B156: 70.65 | C156: 167.37 | D156: 2.3690021 | E156: 2.3804819 | F156: 2.3711894 | G156: 2.374187 | H156: 168.18104 | I156: 167.59197 | J156: 167.76088 | K156: -0.0048341137 | L156: -0.0013253586 | M156: -0.0023327159 | N156: 0 | O156: 0 | P156: 70.65 | Q156: 167.37 | R156: 2.3690021 | S156: 2.3801278 | T156: 2.3711894 | U156: 2.374187 | V156: 168.15603 | W156: 167.59197 | X156: 167.76088 | Y156: -0.0046853778 | Z156: -0.0013253586 | AA156: -0.0023327159 | AC156: =LN(B156/B155) -> -0.0064898648 | AD156: =LN(C156/C155) -> -0.0060163994 | AH156: =IF(AA156<AG$1,1,0) -> 1 | AI156: =IF($AA156>AG$2,1,0) -> 0 | AJ156: =AK156 -> 1 | AK156: =IF(AH155,1,IF(AI155,0,AJ155)) -> 1 | AL156: =-AK156*$AC156 -> 0.0064898648 | AM156: =AK156*$AD156 -> -0.0060163994 | AN156: =AL156+AM156 -> 0.00047346538 | AO156: =AO155+AN156 -> 0.0009932635 | AS156: =IF($AA156>AR$1,1,0) -> 0 | AT156: =IF($AA156<AR$2,1,0) -> 1 | AU156: =AV155 -> 0 | AV156: =IF(AS155,1,IF(AT155,0,AU155)) -> 0 | AW156: =AV156*$AC156 -> 0 | AX156: =-AV156*$AD156 -> 0 | AY156: =AW156+AX156 -> 0 | AZ156: =AZ155+AY156 -> 0.0042586517 | BB156: =AN156+AY156 -> 0.00047346538 | BC156: =BC155+BB156 -> 0.0052519152
